score;completeness;rescuebot_action;rescuebot_location;diobestia_action;diobestia_location;world_nr;tick_nr
0;0.0;;(22, 11);;(22, 12);1;0
0;0.0;;(22, 11);;(22, 12);1;1
0;0.0;;(22, 11);;(22, 12);1;2
0;0.0;;(22, 11);;(22, 12);1;3
0;0.0;;(22, 11);;(22, 12);1;4
0;0.0;;(22, 11);;(22, 12);1;5
0;0.0;;(22, 11);;(22, 12);1;6
0;0.0;;(22, 11);;(22, 12);1;7
0;0.0;;(22, 11);;(22, 12);1;8
0;0.0;;(22, 11);;(22, 12);1;9
0;0.0;;(22, 11);;(22, 12);1;10
0;0.0;;(22, 11);;(22, 12);1;11
0;0.0;;(22, 11);;(22, 12);1;12
0;0.0;;(22, 11);;(22, 12);1;13
0;0.0;;(22, 11);;(22, 12);1;14
0;0.0;;(22, 11);;(22, 12);1;15
0;0.0;;(22, 11);;(22, 12);1;16
0;0.0;;(22, 11);;(22, 12);1;17
0;0.0;;(22, 11);;(22, 12);1;18
0;0.0;;(22, 11);;(22, 12);1;19
0;0.0;;(22, 11);;(22, 12);1;20
0;0.0;;(22, 11);;(22, 12);1;21
0;0.0;;(22, 11);;(22, 12);1;22
0;0.0;;(22, 11);;(22, 12);1;23
0;0.0;;(22, 11);;(22, 12);1;24
0;0.0;;(22, 11);;(22, 12);1;25
0;0.0;;(22, 11);;(22, 12);1;26
0;0.0;;(22, 11);;(22, 12);1;27
0;0.0;;(22, 11);;(22, 12);1;28
0;0.0;;(22, 11);;(22, 12);1;29
0;0.0;;(22, 11);;(22, 12);1;30
0;0.0;;(22, 11);;(22, 12);1;31
0;0.0;;(22, 11);;(22, 12);1;32
0;0.0;;(22, 11);;(22, 12);1;33
0;0.0;;(22, 11);;(22, 12);1;34
0;0.0;;(22, 11);;(22, 12);1;35
0;0.0;;(22, 11);;(22, 12);1;36
0;0.0;;(22, 11);;(22, 12);1;37
0;0.0;;(22, 11);;(22, 12);1;38
0;0.0;;(22, 11);;(22, 12);1;39
0;0.0;;(22, 11);;(22, 12);1;40
0;0.0;;(22, 11);;(22, 12);1;41
0;0.0;;(22, 11);;(22, 12);1;42
0;0.0;;(22, 11);;(22, 12);1;43
0;0.0;;(22, 11);;(22, 12);1;44
0;0.0;;(22, 11);;(22, 12);1;45
0;0.0;;(22, 11);;(22, 12);1;46
0;0.0;;(22, 11);;(22, 12);1;47
0;0.0;;(22, 11);;(22, 12);1;48
0;0.0;;(22, 11);;(22, 12);1;49
0;0.0;;(22, 11);;(22, 12);1;50
0;0.0;;(22, 11);;(22, 12);1;51
0;0.0;;(22, 11);;(22, 12);1;52
0;0.0;;(22, 11);;(22, 12);1;53
0;0.0;;(22, 11);;(22, 12);1;54
0;0.0;;(22, 11);;(22, 12);1;55
0;0.0;;(22, 11);;(22, 12);1;56
0;0.0;;(22, 11);;(22, 12);1;57
0;0.0;;(22, 11);;(22, 12);1;58
0;0.0;;(22, 11);;(22, 12);1;59
0;0.0;;(22, 11);;(22, 12);1;60
0;0.0;;(22, 11);;(22, 12);1;61
0;0.0;;(22, 11);;(22, 12);1;62
0;0.0;;(22, 11);;(22, 12);1;63
0;0.0;;(22, 11);;(22, 12);1;64
0;0.0;;(22, 11);;(22, 12);1;65
0;0.0;;(22, 11);;(22, 12);1;66
0;0.0;;(22, 11);;(22, 12);1;67
0;0.0;;(22, 11);;(22, 12);1;68
0;0.0;;(22, 11);;(22, 12);1;69
0;0.0;;(22, 11);;(22, 12);1;70
0;0.0;;(22, 11);;(22, 12);1;71
0;0.0;;(22, 11);;(22, 12);1;72
0;0.0;;(22, 11);;(22, 12);1;73
0;0.0;;(22, 11);;(22, 12);1;74
0;0.0;;(22, 11);;(22, 12);1;75
0;0.0;;(22, 11);;(22, 12);1;76
0;0.0;;(22, 11);;(22, 12);1;77
0;0.0;;(22, 11);;(22, 12);1;78
0;0.0;;(22, 11);;(22, 12);1;79
0;0.0;;(22, 11);;(22, 12);1;80
0;0.0;;(22, 11);;(22, 12);1;81
0;0.0;;(22, 11);;(22, 12);1;82
0;0.0;;(22, 11);;(22, 12);1;83
0;0.0;;(22, 11);;(22, 12);1;84
0;0.0;;(22, 11);;(22, 12);1;85
0;0.0;;(22, 11);;(22, 12);1;86
0;0.0;;(22, 11);;(22, 12);1;87
0;0.0;;(22, 11);;(22, 12);1;88
0;0.0;;(22, 11);;(22, 12);1;89
0;0.0;;(22, 11);;(22, 12);1;90
0;0.0;;(22, 11);;(22, 12);1;91
0;0.0;;(22, 11);;(22, 12);1;92
0;0.0;;(22, 11);;(22, 12);1;93
0;0.0;;(22, 11);;(22, 12);1;94
0;0.0;;(22, 11);;(22, 12);1;95
0;0.0;;(22, 11);;(22, 12);1;96
0;0.0;;(22, 11);;(22, 12);1;97
0;0.0;;(22, 11);;(22, 12);1;98
0;0.0;;(22, 11);;(22, 12);1;99
0;0.0;;(22, 11);;(22, 12);1;100
0;0.0;;(22, 11);;(22, 12);1;101
0;0.0;;(22, 11);;(22, 12);1;102
0;0.0;;(22, 11);;(22, 12);1;103
0;0.0;;(22, 11);;(22, 12);1;104
0;0.0;;(22, 11);;(22, 12);1;105
0;0.0;;(22, 11);;(22, 12);1;106
0;0.0;;(22, 11);;(22, 12);1;107
0;0.0;;(22, 11);;(22, 12);1;108
0;0.0;;(22, 11);;(22, 12);1;109
0;0.0;;(22, 11);;(22, 12);1;110
0;0.0;;(22, 11);;(22, 12);1;111
0;0.0;;(22, 11);;(22, 12);1;112
0;0.0;;(22, 11);;(22, 12);1;113
0;0.0;;(22, 11);;(22, 12);1;114
0;0.0;;(22, 11);;(22, 12);1;115
0;0.0;;(22, 11);;(22, 12);1;116
0;0.0;;(22, 11);;(22, 12);1;117
0;0.0;;(22, 11);;(22, 12);1;118
0;0.0;;(22, 11);;(22, 12);1;119
0;0.0;;(22, 11);;(22, 12);1;120
0;0.0;;(22, 11);;(22, 12);1;121
0;0.0;;(22, 11);;(22, 12);1;122
0;0.0;;(22, 11);;(22, 12);1;123
0;0.0;;(22, 11);;(22, 12);1;124
0;0.0;;(22, 11);;(22, 12);1;125
0;0.0;;(22, 11);;(22, 12);1;126
0;0.0;;(22, 11);;(22, 12);1;127
0;0.0;;(22, 11);;(22, 12);1;128
0;0.0;;(22, 11);;(22, 12);1;129
0;0.0;;(22, 11);;(22, 12);1;130
0;0.0;;(22, 11);;(22, 12);1;131
0;0.0;;(22, 11);;(22, 12);1;132
0;0.0;;(22, 11);;(22, 12);1;133
0;0.0;;(22, 11);;(22, 12);1;134
0;0.0;MoveNorthWest;(22, 11);;(22, 12);1;135
0;0.0;MoveNorthWest;(21, 10);;(22, 12);1;136
0;0.0;MoveNorthWest;(21, 10);;(22, 12);1;137
0;0.0;MoveNorthWest;(20, 9);;(22, 12);1;138
0;0.0;MoveNorthWest;(20, 9);;(22, 12);1;139
0;0.0;MoveNorthWest;(19, 8);;(22, 12);1;140
0;0.0;MoveNorthWest;(19, 8);;(22, 12);1;141
0;0.0;MoveNorthWest;(19, 8);;(22, 12);1;142
0;0.0;MoveNorthWest;(19, 8);;(22, 12);1;143
0;0.0;MoveNorthWest;(19, 8);;(22, 12);1;144
0;0.0;MoveNorthWest;(19, 8);;(22, 12);1;145
0;0.0;MoveNorthWest;(19, 8);;(22, 12);1;146
0;0.0;MoveNorthWest;(19, 8);MoveWest;(21, 12);1;147
0;0.0;MoveNorthWest;(19, 8);;(21, 12);1;148
0;0.0;MoveNorthWest;(19, 8);MoveWest;(20, 12);1;149
0;0.0;MoveNorthWest;(19, 8);;(20, 12);1;150
0;0.0;MoveNorthWest;(19, 8);;(20, 12);1;151
0;0.0;MoveNorthWest;(19, 8);;(20, 12);1;152
0;0.0;MoveNorthWest;(19, 8);;(20, 12);1;153
0;0.0;MoveNorthWest;(18, 7);MoveNorth;(20, 11);1;154
0;0.0;MoveNorthWest;(18, 7);;(20, 11);1;155
0;0.0;MoveNorthWest;(17, 6);MoveNorth;(20, 10);1;156
0;0.0;MoveWest;(17, 6);;(20, 10);1;157
0;0.0;MoveWest;(16, 6);MoveNorth;(20, 9);1;158
0;0.0;MoveWest;(16, 6);;(20, 9);1;159
0;0.0;MoveWest;(15, 6);;(20, 9);1;160
0;0.0;RemoveObject;(15, 6);;(20, 9);1;161
0;0.0;RemoveObject;(15, 6);;(20, 9);1;162
0;0.0;RemoveObject;(15, 6);;(20, 9);1;163
0;0.0;RemoveObject;(15, 6);;(20, 9);1;164
0;0.0;RemoveObject;(15, 6);MoveNorth;(20, 8);1;165
0;0.0;RemoveObject;(15, 6);;(20, 8);1;166
0;0.0;RemoveObject;(15, 6);;(20, 8);1;167
0;0.0;RemoveObject;(15, 6);;(20, 8);1;168
0;0.0;RemoveObject;(15, 6);;(20, 8);1;169
0;0.0;RemoveObject;(15, 6);;(20, 8);1;170
0;0.0;RemoveObject;(15, 6);;(20, 8);1;171
0;0.0;RemoveObject;(15, 6);MoveWest;(19, 8);1;172
0;0.0;RemoveObject;(15, 6);;(19, 8);1;173
0;0.0;RemoveObject;(15, 6);MoveWest;(19, 8);1;174
0;0.0;RemoveObject;(15, 6);MoveWest;(19, 8);1;175
0;0.0;RemoveObject;(15, 6);MoveWest;(19, 8);1;176
0;0.0;RemoveObject;(15, 6);MoveWest;(19, 8);1;177
0;0.0;RemoveObject;(15, 6);MoveWest;(19, 8);1;178
0;0.0;RemoveObject;(15, 6);MoveWest;(18, 8);1;179
0;0.0;RemoveObject;(15, 6);MoveWest;(18, 8);1;180
0;0.0;RemoveObject;(15, 6);;(18, 8);1;181
0;0.0;RemoveObject;(15, 6);;(18, 8);1;182
0;0.0;RemoveObject;(15, 6);MoveWest;(18, 8);1;183
0;0.0;RemoveObject;(15, 6);;(18, 8);1;184
0;0.0;RemoveObject;(15, 6);;(18, 8);1;185
0;0.0;RemoveObject;(15, 6);;(18, 8);1;186
0;0.0;RemoveObject;(15, 6);;(18, 8);1;187
0;0.0;RemoveObject;(15, 6);;(18, 8);1;188
0;0.0;RemoveObject;(15, 6);;(18, 8);1;189
0;0.0;RemoveObject;(15, 6);MoveNorth;(18, 7);1;190
0;0.0;RemoveObject;(15, 6);;(18, 7);1;191
0;0.0;RemoveObject;(15, 6);MoveNorth;(18, 6);1;192
0;0.0;RemoveObject;(15, 6);;(18, 6);1;193
0;0.0;RemoveObject;(15, 6);;(18, 6);1;194
0;0.0;RemoveObject;(15, 6);;(18, 6);1;195
0;0.0;RemoveObject;(15, 6);;(18, 6);1;196
0;0.0;RemoveObject;(15, 6);;(18, 6);1;197
0;0.0;RemoveObject;(15, 6);;(18, 6);1;198
0;0.0;RemoveObject;(15, 6);;(18, 6);1;199
0;0.0;RemoveObject;(15, 6);MoveNorth;(18, 5);1;200
0;0.0;RemoveObject;(15, 6);;(18, 5);1;201
0;0.0;RemoveObject;(15, 6);;(18, 5);1;202
0;0.0;RemoveObject;(15, 6);MoveSouth;(18, 6);1;203
0;0.0;RemoveObject;(15, 6);;(18, 6);1;204
0;0.0;RemoveObject;(15, 6);;(18, 6);1;205
0;0.0;RemoveObject;(15, 6);;(18, 6);1;206
0;0.0;RemoveObject;(15, 6);;(18, 6);1;207
0;0.0;RemoveObject;(15, 6);;(18, 6);1;208
0;0.0;RemoveObject;(15, 6);MoveWest;(17, 6);1;209
0;0.0;RemoveObject;(15, 6);;(17, 6);1;210
0;0.0;RemoveObject;(15, 6);MoveWest;(16, 6);1;211
0;0.0;RemoveObject;(15, 6);MoveWest;(15, 6);1;212
0;0.0;RemoveObject;(15, 6);;(15, 6);1;213
0;0.0;RemoveObject;(15, 6);;(15, 6);1;214
0;0.0;RemoveObject;(15, 6);;(15, 6);1;215
0;0.0;RemoveObject;(15, 6);;(15, 6);1;216
0;0.0;RemoveObject;(15, 6);;(15, 6);1;217
0;0.0;RemoveObject;(15, 6);;(15, 6);1;218
0;0.0;RemoveObject;(15, 6);;(15, 6);1;219
0;0.0;RemoveObject;(15, 6);;(15, 6);1;220
0;0.0;RemoveObject;(15, 6);;(15, 6);1;221
0;0.0;RemoveObject;(15, 6);;(15, 6);1;222
0;0.0;RemoveObject;(15, 6);;(15, 6);1;223
0;0.0;RemoveObject;(15, 6);;(15, 6);1;224
0;0.0;RemoveObject;(15, 6);;(15, 6);1;225
0;0.0;RemoveObject;(15, 6);;(15, 6);1;226
0;0.0;RemoveObject;(15, 6);;(15, 6);1;227
0;0.0;RemoveObject;(15, 6);;(15, 6);1;228
0;0.0;RemoveObject;(15, 6);;(15, 6);1;229
0;0.0;RemoveObject;(15, 6);;(15, 6);1;230
0;0.0;RemoveObject;(15, 6);;(15, 6);1;231
0;0.0;RemoveObject;(15, 6);;(15, 6);1;232
0;0.0;RemoveObject;(15, 6);;(15, 6);1;233
0;0.0;RemoveObject;(15, 6);;(15, 6);1;234
0;0.0;RemoveObject;(15, 6);;(15, 6);1;235
0;0.0;RemoveObject;(15, 6);;(15, 6);1;236
0;0.0;RemoveObject;(15, 6);;(15, 6);1;237
0;0.0;RemoveObject;(15, 6);;(15, 6);1;238
0;0.0;RemoveObject;(15, 6);;(15, 6);1;239
0;0.0;RemoveObject;(15, 6);;(15, 6);1;240
0;0.0;RemoveObject;(15, 6);;(15, 6);1;241
0;0.0;RemoveObject;(15, 6);;(15, 6);1;242
0;0.0;RemoveObject;(15, 6);;(15, 6);1;243
0;0.0;RemoveObject;(15, 6);;(15, 6);1;244
0;0.0;RemoveObject;(15, 6);;(15, 6);1;245
0;0.0;RemoveObject;(15, 6);;(15, 6);1;246
0;0.0;RemoveObject;(15, 6);;(15, 6);1;247
0;0.0;RemoveObject;(15, 6);;(15, 6);1;248
0;0.0;RemoveObject;(15, 6);;(15, 6);1;249
0;0.0;RemoveObject;(15, 6);;(15, 6);1;250
0;0.0;RemoveObject;(15, 6);;(15, 6);1;251
0;0.0;RemoveObject;(15, 6);;(15, 6);1;252
0;0.0;RemoveObject;(15, 6);;(15, 6);1;253
0;0.0;RemoveObject;(15, 6);;(15, 6);1;254
0;0.0;RemoveObject;(15, 6);;(15, 6);1;255
0;0.0;RemoveObject;(15, 6);;(15, 6);1;256
0;0.0;RemoveObject;(15, 6);;(15, 6);1;257
0;0.0;RemoveObject;(15, 6);;(15, 6);1;258
0;0.0;RemoveObject;(15, 6);;(15, 6);1;259
0;0.0;RemoveObject;(15, 6);;(15, 6);1;260
0;0.0;RemoveObject;(15, 6);;(15, 6);1;261
0;0.0;MoveSouth;(15, 6);;(15, 6);1;262
0;0.0;MoveSouth;(15, 7);;(15, 6);1;263
0;0.0;MoveSouthWest;(15, 7);;(15, 6);1;264
0;0.0;MoveSouthWest;(14, 8);;(15, 6);1;265
0;0.0;MoveSouthEast;(14, 8);;(15, 6);1;266
0;0.0;MoveSouthEast;(15, 9);;(15, 6);1;267
0;0.0;MoveNorthEast;(15, 9);;(15, 6);1;268
0;0.0;MoveNorthEast;(16, 8);;(15, 6);1;269
0;0.0;;(16, 8);;(15, 6);1;270
0;0.0;;(16, 8);;(15, 6);1;271
0;0.0;;(16, 8);;(15, 6);1;272
0;0.0;;(16, 8);;(15, 6);1;273
0;0.0;;(16, 8);;(15, 6);1;274
0;0.0;;(16, 8);MoveSouth;(15, 7);1;275
0;0.0;;(16, 8);;(15, 7);1;276
0;0.0;;(16, 8);;(15, 7);1;277
0;0.0;;(16, 8);;(15, 7);1;278
0;0.0;;(16, 8);;(15, 7);1;279
0;0.0;;(16, 8);;(15, 7);1;280
0;0.0;;(16, 8);;(15, 7);1;281
0;0.0;;(16, 8);;(15, 7);1;282
0;0.0;;(16, 8);;(15, 7);1;283
0;0.0;;(16, 8);;(15, 7);1;284
0;0.0;;(16, 8);;(15, 7);1;285
0;0.0;;(16, 8);;(15, 7);1;286
0;0.0;;(16, 8);;(15, 7);1;287
0;0.0;;(16, 8);;(15, 7);1;288
0;0.0;;(16, 8);;(15, 7);1;289
0;0.0;;(16, 8);;(15, 7);1;290
0;0.0;Idle;(16, 8);;(15, 7);1;291
0;0.0;Idle;(16, 8);;(15, 7);1;292
0;0.0;Idle;(16, 8);;(15, 7);1;293
0;0.0;Idle;(16, 8);;(15, 7);1;294
0;0.0;Idle;(16, 8);;(15, 7);1;295
0;0.0;Idle;(16, 8);;(15, 7);1;296
0;0.0;Idle;(16, 8);;(15, 7);1;297
0;0.0;Idle;(16, 8);;(15, 7);1;298
0;0.0;Idle;(16, 8);;(15, 7);1;299
0;0.0;Idle;(16, 8);;(15, 7);1;300
0;0.0;Idle;(16, 8);;(15, 7);1;301
0;0.0;Idle;(16, 8);MoveSouth;(15, 8);1;302
0;0.0;Idle;(16, 8);;(15, 8);1;303
0;0.0;Idle;(16, 8);;(15, 8);1;304
0;0.0;Idle;(16, 8);;(15, 8);1;305
0;0.0;Idle;(16, 8);;(15, 8);1;306
0;0.0;Idle;(16, 8);;(15, 8);1;307
0;0.0;Idle;(16, 8);;(15, 8);1;308
0;0.0;Idle;(16, 8);;(15, 8);1;309
0;0.0;Idle;(16, 8);;(15, 8);1;310
0;0.0;Idle;(16, 8);;(15, 8);1;311
0;0.0;Idle;(16, 8);MoveWest;(14, 8);1;312
0;0.0;Idle;(16, 8);;(14, 8);1;313
0;0.0;Idle;(16, 8);;(14, 8);1;314
0;0.0;Idle;(16, 8);;(14, 8);1;315
0;0.0;Idle;(16, 8);;(14, 8);1;316
0;0.0;MoveWest;(16, 8);;(14, 8);1;317
0;0.0;MoveWest;(15, 8);;(14, 8);1;318
0;0.0;MoveWest;(15, 8);;(14, 8);1;319
0;0.0;MoveWest;(14, 8);;(14, 8);1;320
0;0.0;;(14, 8);;(14, 8);1;321
0;0.0;;(14, 8);;(14, 8);1;322
0;0.0;;(14, 8);;(14, 8);1;323
0;0.0;;(14, 8);;(14, 8);1;324
0;0.0;;(14, 8);;(14, 8);1;325
0;0.0;;(14, 8);;(14, 8);1;326
0;0.0;;(14, 8);CarryObjectTogether;(14, 8);1;327
0;0.0;;(14, 8);;(14, 8);1;328
0;0.0;;(14, 8);;(14, 8);1;329
0;0.0;;(14, 8);;(14, 8);1;330
0;0.0;;(14, 8);;(14, 8);1;331
0;0.0;;(14, 8);;(14, 8);1;332
0;0.0;;(14, 8);;(14, 8);1;333
0;0.0;;(14, 8);;(14, 8);1;334
0;0.0;;(14, 8);;(14, 8);1;335
0;0.0;;(14, 8);;(14, 8);1;336
0;0.0;;(14, 8);MoveEast;(15, 8);1;337
0;0.0;;(14, 8);;(15, 8);1;338
0;0.0;;(14, 8);;(15, 8);1;339
0;0.0;;(14, 8);;(15, 8);1;340
0;0.0;;(14, 8);;(15, 8);1;341
0;0.0;;(14, 8);;(15, 8);1;342
0;0.0;;(14, 8);MoveNorth;(15, 7);1;343
0;0.0;;(14, 8);;(15, 7);1;344
0;0.0;;(14, 8);MoveNorth;(15, 6);1;345
0;0.0;;(14, 8);;(15, 6);1;346
0;0.0;;(14, 8);;(15, 6);1;347
0;0.0;;(14, 8);;(15, 6);1;348
0;0.0;;(14, 8);;(15, 6);1;349
0;0.0;;(14, 8);;(15, 6);1;350
0;0.0;;(14, 8);;(15, 6);1;351
0;0.0;;(14, 8);;(15, 6);1;352
0;0.0;;(14, 8);;(15, 6);1;353
0;0.0;;(14, 8);;(15, 6);1;354
0;0.0;;(14, 8);MoveEast;(16, 6);1;355
0;0.0;;(14, 8);MoveEast;(17, 6);1;356
0;0.0;;(14, 8);;(17, 6);1;357
0;0.0;;(14, 8);;(17, 6);1;358
0;0.0;;(14, 8);;(17, 6);1;359
0;0.0;;(14, 8);;(17, 6);1;360
0;0.0;;(14, 8);;(17, 6);1;361
0;0.0;;(14, 8);;(17, 6);1;362
0;0.0;;(14, 8);MoveEast;(18, 6);1;363
0;0.0;;(14, 8);;(18, 6);1;364
0;0.0;;(14, 8);;(18, 6);1;365
0;0.0;;(14, 8);;(18, 6);1;366
0;0.0;;(14, 8);MoveSouth;(18, 7);1;367
0;0.0;;(14, 8);MoveSouth;(18, 8);1;368
0;0.0;;(14, 8);MoveSouth;(18, 9);1;369
0;0.0;;(14, 8);;(18, 9);1;370
0;0.0;;(14, 8);;(18, 9);1;371
0;0.0;;(14, 8);;(18, 9);1;372
0;0.0;;(14, 8);;(18, 9);1;373
0;0.0;;(14, 8);;(18, 9);1;374
0;0.0;;(14, 8);MoveEast;(18, 9);1;375
0;0.0;;(14, 8);MoveEast;(18, 9);1;376
0;0.0;;(14, 8);MoveEast;(18, 9);1;377
0;0.0;;(14, 8);MoveEast;(18, 9);1;378
0;0.0;;(14, 8);MoveEast;(18, 9);1;379
0;0.0;;(14, 8);MoveEast;(19, 9);1;380
0;0.0;;(14, 8);MoveEast;(19, 9);1;381
0;0.0;;(14, 8);MoveEast;(19, 9);1;382
0;0.0;;(14, 8);MoveEast;(19, 9);1;383
0;0.0;;(14, 8);MoveEast;(19, 9);1;384
0;0.0;;(14, 8);MoveEast;(19, 9);1;385
0;0.0;;(14, 8);MoveEast;(20, 9);1;386
0;0.0;;(14, 8);;(20, 9);1;387
0;0.0;;(14, 8);;(20, 9);1;388
0;0.0;;(14, 8);;(20, 9);1;389
0;0.0;;(14, 8);;(20, 9);1;390
0;0.0;;(14, 8);;(20, 9);1;391
0;0.0;;(14, 8);MoveEast;(21, 9);1;392
0;0.0;;(14, 8);;(21, 9);1;393
0;0.0;;(14, 8);MoveSouth;(21, 10);1;394
0;0.0;;(14, 8);MoveSouth;(21, 11);1;395
0;0.0;;(14, 8);;(21, 11);1;396
0;0.0;;(14, 8);MoveSouth;(21, 12);1;397
0;0.0;;(14, 8);;(21, 12);1;398
0;0.0;;(14, 8);MoveSouth;(21, 13);1;399
0;0.0;;(14, 8);MoveSouth;(21, 14);1;400
0;0.0;;(14, 8);;(21, 14);1;401
0;0.0;;(14, 8);;(21, 14);1;402
0;0.0;;(14, 8);;(21, 14);1;403
0;0.0;;(14, 8);;(21, 14);1;404
0;0.0;;(14, 8);;(21, 14);1;405
0;0.0;;(14, 8);MoveEast;(22, 14);1;406
0;0.0;;(14, 8);MoveEast;(23, 14);1;407
0;0.0;;(14, 8);;(23, 14);1;408
0;0.0;;(14, 8);MoveEast;(23, 14);1;409
0;0.0;;(14, 8);;(23, 14);1;410
0;0.0;;(14, 8);;(23, 14);1;411
0;0.0;;(14, 8);;(23, 14);1;412
0;0.0;;(14, 8);;(23, 14);1;413
3;0.125;;(23, 14);DropObjectTogether;(23, 14);1;414
3;0.125;MoveNorthWest;(23, 14);;(23, 14);1;415
3;0.125;MoveNorthWest;(22, 13);;(23, 14);1;416
3;0.125;MoveNorthWest;(22, 13);;(23, 14);1;417
3;0.125;MoveNorthWest;(21, 12);;(23, 14);1;418
3;0.125;MoveNorthWest;(21, 12);;(23, 14);1;419
3;0.125;MoveNorthWest;(20, 11);;(23, 14);1;420
3;0.125;MoveNorthWest;(20, 11);MoveWest;(22, 14);1;421
3;0.125;MoveNorthWest;(19, 10);;(22, 14);1;422
3;0.125;MoveNorthWest;(19, 10);;(22, 14);1;423
3;0.125;MoveNorthWest;(18, 9);;(22, 14);1;424
3;0.125;MoveNorth;(18, 9);;(22, 14);1;425
3;0.125;MoveNorth;(18, 9);;(22, 14);1;426
3;0.125;MoveNorth;(18, 9);;(22, 14);1;427
3;0.125;MoveNorth;(18, 9);;(22, 14);1;428
3;0.125;MoveNorth;(18, 9);;(22, 14);1;429
3;0.125;MoveNorth;(18, 9);;(22, 14);1;430
3;0.125;MoveNorth;(18, 9);;(22, 14);1;431
3;0.125;MoveNorth;(18, 9);;(22, 14);1;432
3;0.125;MoveNorth;(18, 9);;(22, 14);1;433
3;0.125;MoveNorth;(18, 9);;(22, 14);1;434
3;0.125;MoveNorth;(18, 9);;(22, 14);1;435
3;0.125;MoveNorth;(18, 9);;(22, 14);1;436
3;0.125;MoveNorth;(18, 9);;(22, 14);1;437
3;0.125;MoveNorth;(18, 8);;(22, 14);1;438
3;0.125;MoveNorth;(18, 8);;(22, 14);1;439
3;0.125;MoveNorth;(18, 7);;(22, 14);1;440
3;0.125;MoveNorthWest;(18, 7);;(22, 14);1;441
3;0.125;MoveNorthWest;(17, 6);;(22, 14);1;442
3;0.125;MoveNorthWest;(17, 6);;(22, 14);1;443
3;0.125;MoveNorthWest;(16, 5);;(22, 14);1;444
3;0.125;MoveWest;(16, 5);;(22, 14);1;445
3;0.125;MoveWest;(15, 5);;(22, 14);1;446
3;0.125;;(15, 5);;(22, 14);1;447
3;0.125;;(15, 5);;(22, 14);1;448
3;0.125;;(15, 5);;(22, 14);1;449
3;0.125;;(15, 5);;(22, 14);1;450
3;0.125;;(15, 5);;(22, 14);1;451
3;0.125;;(15, 5);;(22, 14);1;452
3;0.125;;(15, 5);;(22, 14);1;453
3;0.125;;(15, 5);;(22, 14);1;454
3;0.125;;(15, 5);;(22, 14);1;455
3;0.125;;(15, 5);;(22, 14);1;456
3;0.125;;(15, 5);;(22, 14);1;457
3;0.125;;(15, 5);;(22, 14);1;458
3;0.125;;(15, 5);;(22, 14);1;459
3;0.125;;(15, 5);;(22, 14);1;460
3;0.125;;(15, 5);;(22, 14);1;461
3;0.125;;(15, 5);;(22, 14);1;462
3;0.125;;(15, 5);;(22, 14);1;463
3;0.125;;(15, 5);;(22, 14);1;464
3;0.125;;(15, 5);;(22, 14);1;465
3;0.125;;(15, 5);;(22, 14);1;466
3;0.125;;(15, 5);;(22, 14);1;467
3;0.125;;(15, 5);;(22, 14);1;468
3;0.125;;(15, 5);;(22, 14);1;469
3;0.125;;(15, 5);;(22, 14);1;470
3;0.125;;(15, 5);;(22, 14);1;471
3;0.125;;(15, 5);;(22, 14);1;472
3;0.125;;(15, 5);;(22, 14);1;473
3;0.125;;(15, 5);;(22, 14);1;474
3;0.125;;(15, 5);;(22, 14);1;475
3;0.125;;(15, 5);;(22, 14);1;476
3;0.125;;(15, 5);;(22, 14);1;477
3;0.125;;(15, 5);;(22, 14);1;478
3;0.125;;(15, 5);;(22, 14);1;479
3;0.125;;(15, 5);;(22, 14);1;480
3;0.125;;(15, 5);;(22, 14);1;481
3;0.125;;(15, 5);;(22, 14);1;482
3;0.125;;(15, 5);;(22, 14);1;483
3;0.125;;(15, 5);;(22, 14);1;484
3;0.125;MoveWest;(15, 5);;(22, 14);1;485
3;0.125;MoveWest;(14, 5);;(22, 14);1;486
3;0.125;MoveWest;(14, 5);;(22, 14);1;487
3;0.125;MoveWest;(13, 5);;(22, 14);1;488
3;0.125;MoveWest;(13, 5);;(22, 14);1;489
3;0.125;MoveWest;(12, 5);;(22, 14);1;490
3;0.125;MoveWest;(12, 5);;(22, 14);1;491
3;0.125;MoveWest;(11, 5);;(22, 14);1;492
3;0.125;MoveWest;(11, 5);;(22, 14);1;493
3;0.125;MoveWest;(10, 5);;(22, 14);1;494
3;0.125;MoveWest;(10, 5);;(22, 14);1;495
3;0.125;MoveWest;(10, 5);;(22, 14);1;496
3;0.125;MoveWest;(10, 5);;(22, 14);1;497
3;0.125;MoveWest;(10, 5);;(22, 14);1;498
3;0.125;MoveWest;(10, 5);;(22, 14);1;499
3;0.125;MoveWest;(10, 5);;(22, 14);1;500
3;0.125;MoveWest;(10, 5);;(22, 14);1;501
3;0.125;MoveWest;(10, 5);;(22, 14);1;502
3;0.125;MoveWest;(10, 5);;(22, 14);1;503
3;0.125;MoveWest;(10, 5);;(22, 14);1;504
3;0.125;MoveWest;(10, 5);;(22, 14);1;505
3;0.125;MoveWest;(10, 5);;(22, 14);1;506
3;0.125;MoveWest;(10, 5);;(22, 14);1;507
3;0.125;MoveWest;(9, 5);;(22, 14);1;508
3;0.125;;(9, 5);;(22, 14);1;509
3;0.125;;(9, 5);;(22, 14);1;510
3;0.125;;(9, 5);;(22, 14);1;511
3;0.125;;(9, 5);;(22, 14);1;512
3;0.125;;(9, 5);;(22, 14);1;513
3;0.125;;(9, 5);;(22, 14);1;514
3;0.125;;(9, 5);;(22, 14);1;515
3;0.125;;(9, 5);;(22, 14);1;516
3;0.125;;(9, 5);;(22, 14);1;517
3;0.125;;(9, 5);;(22, 14);1;518
3;0.125;;(9, 5);;(22, 14);1;519
3;0.125;;(9, 5);;(22, 14);1;520
3;0.125;;(9, 5);;(22, 14);1;521
3;0.125;;(9, 5);;(22, 14);1;522
3;0.125;;(9, 5);;(22, 14);1;523
3;0.125;;(9, 5);;(22, 14);1;524
3;0.125;;(9, 5);;(22, 14);1;525
3;0.125;;(9, 5);;(22, 14);1;526
3;0.125;;(9, 5);;(22, 14);1;527
3;0.125;;(9, 5);;(22, 14);1;528
3;0.125;;(9, 5);;(22, 14);1;529
3;0.125;;(9, 5);;(22, 14);1;530
3;0.125;;(9, 5);;(22, 14);1;531
3;0.125;;(9, 5);;(22, 14);1;532
3;0.125;;(9, 5);;(22, 14);1;533
3;0.125;;(9, 5);;(22, 14);1;534
3;0.125;;(9, 5);;(22, 14);1;535
3;0.125;;(9, 5);;(22, 14);1;536
3;0.125;;(9, 5);;(22, 14);1;537
3;0.125;;(9, 5);;(22, 14);1;538
3;0.125;;(9, 5);;(22, 14);1;539
3;0.125;;(9, 5);;(22, 14);1;540
3;0.125;;(9, 5);;(22, 14);1;541
3;0.125;;(9, 5);;(22, 14);1;542
3;0.125;;(9, 5);;(22, 14);1;543
3;0.125;;(9, 5);;(22, 14);1;544
3;0.125;;(9, 5);;(22, 14);1;545
3;0.125;;(9, 5);;(22, 14);1;546
3;0.125;;(9, 5);;(22, 14);1;547
3;0.125;;(9, 5);;(22, 14);1;548
3;0.125;;(9, 5);;(22, 14);1;549
3;0.125;;(9, 5);;(22, 14);1;550
3;0.125;;(9, 5);;(22, 14);1;551
3;0.125;;(9, 5);;(22, 14);1;552
3;0.125;;(9, 5);;(22, 14);1;553
3;0.125;;(9, 5);;(22, 14);1;554
3;0.125;;(9, 5);;(22, 14);1;555
3;0.125;;(9, 5);;(22, 14);1;556
3;0.125;;(9, 5);;(22, 14);1;557
3;0.125;;(9, 5);;(22, 14);1;558
3;0.125;;(9, 5);;(22, 14);1;559
3;0.125;;(9, 5);;(22, 14);1;560
3;0.125;;(9, 5);;(22, 14);1;561
3;0.125;;(9, 5);;(22, 14);1;562
3;0.125;;(9, 5);;(22, 14);1;563
3;0.125;;(9, 5);;(22, 14);1;564
