score;completeness;rescuebot_action;rescuebot_location;diostronzo_action;diostronzo_location;world_nr;tick_nr
0;0.0;;(22, 11);;(22, 12);1;0
0;0.0;;(22, 11);;(22, 12);1;1
0;0.0;;(22, 11);;(22, 12);1;2
0;0.0;;(22, 11);;(22, 12);1;3
0;0.0;;(22, 11);;(22, 12);1;4
0;0.0;;(22, 11);;(22, 12);1;5
0;0.0;;(22, 11);;(22, 12);1;6
0;0.0;;(22, 11);;(22, 12);1;7
0;0.0;;(22, 11);;(22, 12);1;8
0;0.0;;(22, 11);;(22, 12);1;9
0;0.0;;(22, 11);;(22, 12);1;10
0;0.0;;(22, 11);;(22, 12);1;11
0;0.0;;(22, 11);;(22, 12);1;12
0;0.0;;(22, 11);;(22, 12);1;13
0;0.0;;(22, 11);;(22, 12);1;14
0;0.0;;(22, 11);;(22, 12);1;15
0;0.0;;(22, 11);;(22, 12);1;16
0;0.0;;(22, 11);;(22, 12);1;17
0;0.0;;(22, 11);;(22, 12);1;18
0;0.0;;(22, 11);;(22, 12);1;19
0;0.0;;(22, 11);;(22, 12);1;20
0;0.0;;(22, 11);;(22, 12);1;21
0;0.0;;(22, 11);;(22, 12);1;22
0;0.0;;(22, 11);;(22, 12);1;23
0;0.0;;(22, 11);;(22, 12);1;24
0;0.0;;(22, 11);;(22, 12);1;25
0;0.0;;(22, 11);;(22, 12);1;26
0;0.0;;(22, 11);;(22, 12);1;27
0;0.0;;(22, 11);;(22, 12);1;28
0;0.0;;(22, 11);;(22, 12);1;29
0;0.0;;(22, 11);;(22, 12);1;30
0;0.0;;(22, 11);;(22, 12);1;31
0;0.0;;(22, 11);;(22, 12);1;32
0;0.0;;(22, 11);;(22, 12);1;33
0;0.0;;(22, 11);;(22, 12);1;34
0;0.0;;(22, 11);;(22, 12);1;35
0;0.0;;(22, 11);;(22, 12);1;36
0;0.0;;(22, 11);;(22, 12);1;37
0;0.0;;(22, 11);;(22, 12);1;38
0;0.0;;(22, 11);;(22, 12);1;39
0;0.0;;(22, 11);;(22, 12);1;40
0;0.0;;(22, 11);;(22, 12);1;41
0;0.0;;(22, 11);;(22, 12);1;42
0;0.0;;(22, 11);;(22, 12);1;43
0;0.0;;(22, 11);;(22, 12);1;44
0;0.0;;(22, 11);;(22, 12);1;45
0;0.0;;(22, 11);;(22, 12);1;46
0;0.0;;(22, 11);;(22, 12);1;47
0;0.0;;(22, 11);;(22, 12);1;48
0;0.0;;(22, 11);;(22, 12);1;49
0;0.0;;(22, 11);;(22, 12);1;50
0;0.0;;(22, 11);;(22, 12);1;51
0;0.0;;(22, 11);;(22, 12);1;52
0;0.0;;(22, 11);;(22, 12);1;53
0;0.0;;(22, 11);;(22, 12);1;54
0;0.0;;(22, 11);;(22, 12);1;55
0;0.0;;(22, 11);;(22, 12);1;56
0;0.0;;(22, 11);;(22, 12);1;57
0;0.0;;(22, 11);;(22, 12);1;58
0;0.0;;(22, 11);;(22, 12);1;59
0;0.0;;(22, 11);;(22, 12);1;60
0;0.0;;(22, 11);;(22, 12);1;61
0;0.0;;(22, 11);;(22, 12);1;62
0;0.0;;(22, 11);;(22, 12);1;63
0;0.0;;(22, 11);;(22, 12);1;64
0;0.0;;(22, 11);;(22, 12);1;65
0;0.0;;(22, 11);;(22, 12);1;66
0;0.0;;(22, 11);;(22, 12);1;67
0;0.0;;(22, 11);;(22, 12);1;68
0;0.0;;(22, 11);;(22, 12);1;69
0;0.0;;(22, 11);;(22, 12);1;70
0;0.0;;(22, 11);;(22, 12);1;71
0;0.0;;(22, 11);;(22, 12);1;72
0;0.0;;(22, 11);;(22, 12);1;73
0;0.0;;(22, 11);;(22, 12);1;74
0;0.0;;(22, 11);;(22, 12);1;75
0;0.0;;(22, 11);;(22, 12);1;76
0;0.0;;(22, 11);;(22, 12);1;77
0;0.0;;(22, 11);;(22, 12);1;78
0;0.0;;(22, 11);;(22, 12);1;79
0;0.0;;(22, 11);;(22, 12);1;80
0;0.0;;(22, 11);;(22, 12);1;81
0;0.0;;(22, 11);;(22, 12);1;82
0;0.0;;(22, 11);;(22, 12);1;83
0;0.0;;(22, 11);;(22, 12);1;84
0;0.0;;(22, 11);;(22, 12);1;85
0;0.0;;(22, 11);;(22, 12);1;86
0;0.0;;(22, 11);;(22, 12);1;87
0;0.0;;(22, 11);;(22, 12);1;88
0;0.0;;(22, 11);;(22, 12);1;89
0;0.0;;(22, 11);;(22, 12);1;90
0;0.0;;(22, 11);;(22, 12);1;91
0;0.0;;(22, 11);;(22, 12);1;92
0;0.0;;(22, 11);;(22, 12);1;93
0;0.0;;(22, 11);;(22, 12);1;94
0;0.0;;(22, 11);;(22, 12);1;95
0;0.0;;(22, 11);;(22, 12);1;96
0;0.0;;(22, 11);;(22, 12);1;97
0;0.0;;(22, 11);;(22, 12);1;98
0;0.0;;(22, 11);;(22, 12);1;99
0;0.0;;(22, 11);;(22, 12);1;100
0;0.0;;(22, 11);;(22, 12);1;101
0;0.0;;(22, 11);;(22, 12);1;102
0;0.0;;(22, 11);;(22, 12);1;103
0;0.0;;(22, 11);;(22, 12);1;104
0;0.0;;(22, 11);;(22, 12);1;105
0;0.0;;(22, 11);;(22, 12);1;106
0;0.0;;(22, 11);;(22, 12);1;107
0;0.0;;(22, 11);;(22, 12);1;108
0;0.0;;(22, 11);;(22, 12);1;109
0;0.0;;(22, 11);;(22, 12);1;110
0;0.0;;(22, 11);;(22, 12);1;111
0;0.0;;(22, 11);;(22, 12);1;112
0;0.0;;(22, 11);;(22, 12);1;113
0;0.0;;(22, 11);;(22, 12);1;114
0;0.0;;(22, 11);;(22, 12);1;115
0;0.0;;(22, 11);;(22, 12);1;116
0;0.0;;(22, 11);;(22, 12);1;117
0;0.0;;(22, 11);;(22, 12);1;118
0;0.0;;(22, 11);;(22, 12);1;119
0;0.0;;(22, 11);;(22, 12);1;120
0;0.0;;(22, 11);;(22, 12);1;121
0;0.0;;(22, 11);;(22, 12);1;122
0;0.0;;(22, 11);;(22, 12);1;123
0;0.0;;(22, 11);;(22, 12);1;124
0;0.0;;(22, 11);;(22, 12);1;125
0;0.0;;(22, 11);;(22, 12);1;126
0;0.0;;(22, 11);;(22, 12);1;127
0;0.0;;(22, 11);;(22, 12);1;128
0;0.0;;(22, 11);;(22, 12);1;129
0;0.0;;(22, 11);;(22, 12);1;130
0;0.0;;(22, 11);;(22, 12);1;131
0;0.0;;(22, 11);;(22, 12);1;132
0;0.0;;(22, 11);;(22, 12);1;133
0;0.0;;(22, 11);;(22, 12);1;134
0;0.0;;(22, 11);;(22, 12);1;135
0;0.0;;(22, 11);;(22, 12);1;136
0;0.0;;(22, 11);;(22, 12);1;137
0;0.0;;(22, 11);;(22, 12);1;138
0;0.0;;(22, 11);;(22, 12);1;139
0;0.0;;(22, 11);;(22, 12);1;140
0;0.0;;(22, 11);;(22, 12);1;141
0;0.0;;(22, 11);;(22, 12);1;142
0;0.0;;(22, 11);;(22, 12);1;143
0;0.0;;(22, 11);;(22, 12);1;144
0;0.0;;(22, 11);;(22, 12);1;145
0;0.0;;(22, 11);;(22, 12);1;146
0;0.0;;(22, 11);;(22, 12);1;147
0;0.0;;(22, 11);;(22, 12);1;148
0;0.0;;(22, 11);;(22, 12);1;149
0;0.0;;(22, 11);;(22, 12);1;150
0;0.0;;(22, 11);;(22, 12);1;151
0;0.0;;(22, 11);;(22, 12);1;152
0;0.0;;(22, 11);;(22, 12);1;153
0;0.0;;(22, 11);;(22, 12);1;154
0;0.0;;(22, 11);;(22, 12);1;155
0;0.0;;(22, 11);;(22, 12);1;156
0;0.0;;(22, 11);;(22, 12);1;157
0;0.0;;(22, 11);;(22, 12);1;158
0;0.0;;(22, 11);;(22, 12);1;159
0;0.0;;(22, 11);;(22, 12);1;160
0;0.0;;(22, 11);;(22, 12);1;161
0;0.0;;(22, 11);;(22, 12);1;162
0;0.0;;(22, 11);;(22, 12);1;163
0;0.0;;(22, 11);;(22, 12);1;164
0;0.0;;(22, 11);;(22, 12);1;165
0;0.0;;(22, 11);;(22, 12);1;166
0;0.0;;(22, 11);;(22, 12);1;167
0;0.0;;(22, 11);;(22, 12);1;168
0;0.0;;(22, 11);;(22, 12);1;169
0;0.0;;(22, 11);;(22, 12);1;170
0;0.0;;(22, 11);;(22, 12);1;171
0;0.0;;(22, 11);;(22, 12);1;172
0;0.0;;(22, 11);;(22, 12);1;173
0;0.0;;(22, 11);;(22, 12);1;174
0;0.0;;(22, 11);;(22, 12);1;175
0;0.0;;(22, 11);;(22, 12);1;176
0;0.0;MoveNorthWest;(22, 11);;(22, 12);1;177
0;0.0;MoveNorthWest;(21, 10);;(22, 12);1;178
0;0.0;MoveNorthWest;(21, 10);;(22, 12);1;179
0;0.0;MoveNorthWest;(20, 9);;(22, 12);1;180
0;0.0;MoveNorthWest;(20, 9);;(22, 12);1;181
0;0.0;MoveNorthWest;(19, 8);;(22, 12);1;182
0;0.0;MoveNorthWest;(19, 8);;(22, 12);1;183
0;0.0;MoveNorthWest;(19, 8);MoveWest;(21, 12);1;184
0;0.0;MoveNorthWest;(19, 8);MoveNorth;(21, 11);1;185
0;0.0;MoveNorthWest;(19, 8);;(21, 11);1;186
0;0.0;MoveNorthWest;(19, 8);MoveNorth;(21, 10);1;187
0;0.0;MoveNorthWest;(19, 8);MoveNorth;(21, 9);1;188
0;0.0;MoveNorthWest;(19, 8);;(21, 9);1;189
0;0.0;MoveNorthWest;(19, 8);;(21, 9);1;190
0;0.0;MoveNorthWest;(19, 8);;(21, 9);1;191
0;0.0;MoveNorthWest;(19, 8);;(21, 9);1;192
0;0.0;MoveNorthWest;(19, 8);;(21, 9);1;193
0;0.0;MoveNorthWest;(19, 8);;(21, 9);1;194
0;0.0;MoveNorthWest;(19, 8);MoveNorth;(21, 8);1;195
0;0.0;MoveNorthWest;(18, 7);;(21, 8);1;196
0;0.0;MoveNorthWest;(18, 7);;(21, 8);1;197
0;0.0;MoveNorthWest;(17, 6);;(21, 8);1;198
0;0.0;MoveWest;(17, 6);;(21, 8);1;199
0;0.0;MoveWest;(16, 6);;(21, 8);1;200
0;0.0;MoveWest;(16, 6);;(21, 8);1;201
0;0.0;MoveWest;(15, 6);;(21, 8);1;202
0;0.0;RemoveObject;(15, 6);;(21, 8);1;203
0;0.0;RemoveObject;(15, 6);;(21, 8);1;204
0;0.0;RemoveObject;(15, 6);;(21, 8);1;205
0;0.0;RemoveObject;(15, 6);;(21, 8);1;206
0;0.0;RemoveObject;(15, 6);;(21, 8);1;207
0;0.0;RemoveObject;(15, 6);;(21, 8);1;208
0;0.0;RemoveObject;(15, 6);;(21, 8);1;209
0;0.0;RemoveObject;(15, 6);;(21, 8);1;210
0;0.0;RemoveObject;(15, 6);;(21, 8);1;211
0;0.0;RemoveObject;(15, 6);;(21, 8);1;212
0;0.0;RemoveObject;(15, 6);;(21, 8);1;213
0;0.0;RemoveObject;(15, 6);;(21, 8);1;214
0;0.0;RemoveObject;(15, 6);;(21, 8);1;215
0;0.0;RemoveObject;(15, 6);;(21, 8);1;216
0;0.0;RemoveObject;(15, 6);;(21, 8);1;217
0;0.0;RemoveObject;(15, 6);;(21, 8);1;218
0;0.0;RemoveObject;(15, 6);;(21, 8);1;219
0;0.0;RemoveObject;(15, 6);;(21, 8);1;220
0;0.0;RemoveObject;(15, 6);;(21, 8);1;221
0;0.0;RemoveObject;(15, 6);;(21, 8);1;222
0;0.0;RemoveObject;(15, 6);;(21, 8);1;223
0;0.0;RemoveObject;(15, 6);;(21, 8);1;224
0;0.0;RemoveObject;(15, 6);;(21, 8);1;225
0;0.0;RemoveObject;(15, 6);;(21, 8);1;226
0;0.0;RemoveObject;(15, 6);;(21, 8);1;227
0;0.0;RemoveObject;(15, 6);;(21, 8);1;228
0;0.0;RemoveObject;(15, 6);;(21, 8);1;229
0;0.0;RemoveObject;(15, 6);;(21, 8);1;230
0;0.0;RemoveObject;(15, 6);;(21, 8);1;231
0;0.0;RemoveObject;(15, 6);;(21, 8);1;232
0;0.0;RemoveObject;(15, 6);;(21, 8);1;233
0;0.0;RemoveObject;(15, 6);;(21, 8);1;234
0;0.0;RemoveObject;(15, 6);;(21, 8);1;235
0;0.0;RemoveObject;(15, 6);;(21, 8);1;236
0;0.0;RemoveObject;(15, 6);;(21, 8);1;237
0;0.0;RemoveObject;(15, 6);;(21, 8);1;238
0;0.0;RemoveObject;(15, 6);;(21, 8);1;239
0;0.0;RemoveObject;(15, 6);;(21, 8);1;240
0;0.0;RemoveObject;(15, 6);;(21, 8);1;241
0;0.0;RemoveObject;(15, 6);;(21, 8);1;242
0;0.0;RemoveObject;(15, 6);;(21, 8);1;243
0;0.0;RemoveObject;(15, 6);;(21, 8);1;244
0;0.0;RemoveObject;(15, 6);;(21, 8);1;245
0;0.0;RemoveObject;(15, 6);;(21, 8);1;246
0;0.0;RemoveObject;(15, 6);;(21, 8);1;247
0;0.0;RemoveObject;(15, 6);;(21, 8);1;248
0;0.0;RemoveObject;(15, 6);;(21, 8);1;249
0;0.0;RemoveObject;(15, 6);;(21, 8);1;250
0;0.0;RemoveObject;(15, 6);;(21, 8);1;251
0;0.0;RemoveObject;(15, 6);;(21, 8);1;252
0;0.0;RemoveObject;(15, 6);;(21, 8);1;253
0;0.0;RemoveObject;(15, 6);;(21, 8);1;254
0;0.0;RemoveObject;(15, 6);;(21, 8);1;255
0;0.0;RemoveObject;(15, 6);;(21, 8);1;256
0;0.0;RemoveObject;(15, 6);;(21, 8);1;257
0;0.0;RemoveObject;(15, 6);;(21, 8);1;258
0;0.0;RemoveObject;(15, 6);;(21, 8);1;259
0;0.0;RemoveObject;(15, 6);;(21, 8);1;260
0;0.0;RemoveObject;(15, 6);;(21, 8);1;261
0;0.0;RemoveObject;(15, 6);;(21, 8);1;262
0;0.0;RemoveObject;(15, 6);;(21, 8);1;263
0;0.0;RemoveObject;(15, 6);;(21, 8);1;264
0;0.0;RemoveObject;(15, 6);;(21, 8);1;265
0;0.0;RemoveObject;(15, 6);;(21, 8);1;266
0;0.0;RemoveObject;(15, 6);;(21, 8);1;267
0;0.0;RemoveObject;(15, 6);;(21, 8);1;268
0;0.0;RemoveObject;(15, 6);;(21, 8);1;269
0;0.0;RemoveObject;(15, 6);;(21, 8);1;270
0;0.0;RemoveObject;(15, 6);;(21, 8);1;271
0;0.0;RemoveObject;(15, 6);;(21, 8);1;272
0;0.0;RemoveObject;(15, 6);;(21, 8);1;273
0;0.0;RemoveObject;(15, 6);;(21, 8);1;274
0;0.0;RemoveObject;(15, 6);;(21, 8);1;275
0;0.0;RemoveObject;(15, 6);;(21, 8);1;276
0;0.0;RemoveObject;(15, 6);;(21, 8);1;277
0;0.0;RemoveObject;(15, 6);;(21, 8);1;278
0;0.0;RemoveObject;(15, 6);;(21, 8);1;279
0;0.0;RemoveObject;(15, 6);;(21, 8);1;280
0;0.0;RemoveObject;(15, 6);;(21, 8);1;281
0;0.0;RemoveObject;(15, 6);;(21, 8);1;282
0;0.0;RemoveObject;(15, 6);;(21, 8);1;283
0;0.0;RemoveObject;(15, 6);;(21, 8);1;284
0;0.0;RemoveObject;(15, 6);;(21, 8);1;285
0;0.0;RemoveObject;(15, 6);;(21, 8);1;286
0;0.0;RemoveObject;(15, 6);;(21, 8);1;287
0;0.0;RemoveObject;(15, 6);MoveWest;(20, 8);1;288
0;0.0;RemoveObject;(15, 6);;(20, 8);1;289
0;0.0;RemoveObject;(15, 6);;(20, 8);1;290
0;0.0;RemoveObject;(15, 6);MoveWest;(19, 8);1;291
0;0.0;RemoveObject;(15, 6);MoveWest;(19, 8);1;292
0;0.0;RemoveObject;(15, 6);MoveWest;(19, 8);1;293
0;0.0;RemoveObject;(15, 6);MoveWest;(19, 8);1;294
0;0.0;RemoveObject;(15, 6);MoveWest;(19, 8);1;295
0;0.0;RemoveObject;(15, 6);MoveWest;(19, 8);1;296
0;0.0;RemoveObject;(15, 6);MoveWest;(18, 8);1;297
0;0.0;RemoveObject;(15, 6);;(18, 8);1;298
0;0.0;RemoveObject;(15, 6);;(18, 8);1;299
0;0.0;RemoveObject;(15, 6);MoveNorth;(18, 7);1;300
0;0.0;RemoveObject;(15, 6);;(18, 7);1;301
0;0.0;RemoveObject;(15, 6);;(18, 7);1;302
0;0.0;RemoveObject;(15, 6);;(18, 7);1;303
0;0.0;MoveSouth;(15, 6);;(18, 7);1;304
0;0.0;MoveSouth;(15, 7);;(18, 7);1;305
0;0.0;MoveSouthWest;(15, 7);;(18, 7);1;306
0;0.0;MoveSouthWest;(14, 8);;(18, 7);1;307
0;0.0;MoveSouthEast;(14, 8);MoveNorth;(18, 6);1;308
0;0.0;MoveSouthEast;(15, 9);;(18, 6);1;309
0;0.0;MoveNorthEast;(15, 9);;(18, 6);1;310
0;0.0;MoveNorthEast;(16, 8);MoveWest;(17, 6);1;311
0;0.0;;(16, 8);MoveWest;(16, 6);1;312
0;0.0;;(16, 8);;(16, 6);1;313
0;0.0;;(16, 8);MoveWest;(15, 6);1;314
0;0.0;;(16, 8);;(15, 6);1;315
0;0.0;;(16, 8);;(15, 6);1;316
0;0.0;;(16, 8);;(15, 6);1;317
0;0.0;;(16, 8);;(15, 6);1;318
0;0.0;;(16, 8);;(15, 6);1;319
0;0.0;;(16, 8);;(15, 6);1;320
0;0.0;;(16, 8);MoveSouth;(15, 7);1;321
0;0.0;;(16, 8);;(15, 7);1;322
0;0.0;;(16, 8);MoveSouth;(15, 8);1;323
0;0.0;;(16, 8);;(15, 8);1;324
0;0.0;;(16, 8);;(15, 8);1;325
0;0.0;;(16, 8);;(15, 8);1;326
0;0.0;;(16, 8);;(15, 8);1;327
0;0.0;;(16, 8);;(15, 8);1;328
0;0.0;;(16, 8);;(15, 8);1;329
0;0.0;;(16, 8);;(15, 8);1;330
0;0.0;;(16, 8);;(15, 8);1;331
0;0.0;;(16, 8);;(15, 8);1;332
0;0.0;;(16, 8);;(15, 8);1;333
0;0.0;;(16, 8);;(15, 8);1;334
0;0.0;;(16, 8);;(15, 8);1;335
0;0.0;;(16, 8);MoveWest;(14, 8);1;336
0;0.0;;(16, 8);;(14, 8);1;337
0;0.0;;(16, 8);;(14, 8);1;338
0;0.0;;(16, 8);;(14, 8);1;339
0;0.0;;(16, 8);;(14, 8);1;340
0;0.0;;(16, 8);;(14, 8);1;341
0;0.0;;(16, 8);;(14, 8);1;342
0;0.0;;(16, 8);;(14, 8);1;343
0;0.0;;(16, 8);;(14, 8);1;344
0;0.0;;(16, 8);;(14, 8);1;345
0;0.0;;(16, 8);;(14, 8);1;346
0;0.0;;(16, 8);;(14, 8);1;347
0;0.0;;(16, 8);;(14, 8);1;348
0;0.0;;(16, 8);;(14, 8);1;349
0;0.0;;(16, 8);;(14, 8);1;350
0;0.0;;(16, 8);;(14, 8);1;351
0;0.0;;(16, 8);;(14, 8);1;352
0;0.0;;(16, 8);;(14, 8);1;353
0;0.0;;(16, 8);;(14, 8);1;354
0;0.0;;(16, 8);;(14, 8);1;355
0;0.0;;(16, 8);;(14, 8);1;356
0;0.0;;(16, 8);;(14, 8);1;357
0;0.0;;(16, 8);;(14, 8);1;358
0;0.0;;(16, 8);;(14, 8);1;359
0;0.0;;(16, 8);;(14, 8);1;360
0;0.0;;(16, 8);;(14, 8);1;361
0;0.0;;(16, 8);;(14, 8);1;362
0;0.0;;(16, 8);;(14, 8);1;363
0;0.0;;(16, 8);;(14, 8);1;364
0;0.0;;(16, 8);;(14, 8);1;365
0;0.0;;(16, 8);;(14, 8);1;366
0;0.0;;(16, 8);;(14, 8);1;367
0;0.0;;(16, 8);;(14, 8);1;368
0;0.0;;(16, 8);;(14, 8);1;369
0;0.0;;(16, 8);;(14, 8);1;370
0;0.0;Idle;(16, 8);;(14, 8);1;371
0;0.0;Idle;(16, 8);;(14, 8);1;372
0;0.0;Idle;(16, 8);;(14, 8);1;373
0;0.0;Idle;(16, 8);;(14, 8);1;374
0;0.0;Idle;(16, 8);;(14, 8);1;375
0;0.0;Idle;(16, 8);;(14, 8);1;376
0;0.0;Idle;(16, 8);;(14, 8);1;377
0;0.0;Idle;(16, 8);;(14, 8);1;378
0;0.0;Idle;(16, 8);;(14, 8);1;379
0;0.0;Idle;(16, 8);;(14, 8);1;380
0;0.0;Idle;(16, 8);;(14, 8);1;381
0;0.0;Idle;(16, 8);;(14, 8);1;382
0;0.0;Idle;(16, 8);;(14, 8);1;383
0;0.0;Idle;(16, 8);;(14, 8);1;384
0;0.0;Idle;(16, 8);;(14, 8);1;385
0;0.0;Idle;(16, 8);;(14, 8);1;386
0;0.0;Idle;(16, 8);;(14, 8);1;387
0;0.0;Idle;(16, 8);;(14, 8);1;388
0;0.0;Idle;(16, 8);;(14, 8);1;389
0;0.0;Idle;(16, 8);;(14, 8);1;390
0;0.0;Idle;(16, 8);;(14, 8);1;391
0;0.0;Idle;(16, 8);;(14, 8);1;392
0;0.0;Idle;(16, 8);;(14, 8);1;393
0;0.0;Idle;(16, 8);;(14, 8);1;394
0;0.0;Idle;(16, 8);;(14, 8);1;395
0;0.0;Idle;(16, 8);;(14, 8);1;396
0;0.0;MoveWest;(16, 8);;(14, 8);1;397
0;0.0;MoveWest;(15, 8);;(14, 8);1;398
0;0.0;MoveWest;(15, 8);;(14, 8);1;399
0;0.0;MoveWest;(14, 8);;(14, 8);1;400
0;0.0;;(14, 8);;(14, 8);1;401
0;0.0;;(14, 8);;(14, 8);1;402
0;0.0;;(14, 8);;(14, 8);1;403
0;0.0;;(14, 8);;(14, 8);1;404
0;0.0;;(14, 8);;(14, 8);1;405
0;0.0;;(14, 8);;(14, 8);1;406
0;0.0;;(14, 8);;(14, 8);1;407
0;0.0;;(14, 8);;(14, 8);1;408
0;0.0;;(14, 8);;(14, 8);1;409
0;0.0;;(14, 8);;(14, 8);1;410
0;0.0;;(14, 8);;(14, 8);1;411
0;0.0;;(14, 8);;(14, 8);1;412
0;0.0;;(14, 8);;(14, 8);1;413
0;0.0;;(14, 8);;(14, 8);1;414
0;0.0;;(14, 8);;(14, 8);1;415
0;0.0;;(14, 8);;(14, 8);1;416
0;0.0;;(14, 8);;(14, 8);1;417
0;0.0;;(14, 8);;(14, 8);1;418
0;0.0;;(14, 8);;(14, 8);1;419
0;0.0;;(14, 8);CarryObjectTogether;(14, 8);1;420
0;0.0;;(14, 8);;(14, 8);1;421
0;0.0;;(14, 8);;(14, 8);1;422
0;0.0;;(14, 8);;(14, 8);1;423
0;0.0;;(14, 8);;(14, 8);1;424
0;0.0;;(14, 8);;(14, 8);1;425
0;0.0;;(14, 8);;(14, 8);1;426
0;0.0;;(14, 8);;(14, 8);1;427
0;0.0;;(14, 8);;(14, 8);1;428
0;0.0;;(14, 8);;(14, 8);1;429
0;0.0;;(14, 8);MoveEast;(15, 8);1;430
0;0.0;;(14, 8);;(15, 8);1;431
0;0.0;;(14, 8);;(15, 8);1;432
0;0.0;;(14, 8);;(15, 8);1;433
0;0.0;;(14, 8);;(15, 8);1;434
0;0.0;;(14, 8);;(15, 8);1;435
0;0.0;;(14, 8);;(15, 8);1;436
0;0.0;;(14, 8);MoveNorth;(15, 7);1;437
0;0.0;;(14, 8);;(15, 7);1;438
0;0.0;;(14, 8);;(15, 7);1;439
0;0.0;;(14, 8);;(15, 7);1;440
0;0.0;;(14, 8);;(15, 7);1;441
0;0.0;;(14, 8);;(15, 7);1;442
0;0.0;;(14, 8);;(15, 7);1;443
0;0.0;;(14, 8);;(15, 7);1;444
0;0.0;;(14, 8);;(15, 7);1;445
0;0.0;;(14, 8);MoveNorth;(15, 6);1;446
0;0.0;;(14, 8);;(15, 6);1;447
0;0.0;;(14, 8);;(15, 6);1;448
0;0.0;;(14, 8);;(15, 6);1;449
0;0.0;;(14, 8);;(15, 6);1;450
0;0.0;;(14, 8);MoveEast;(16, 6);1;451
0;0.0;;(14, 8);;(16, 6);1;452
0;0.0;;(14, 8);;(16, 6);1;453
0;0.0;;(14, 8);MoveEast;(17, 6);1;454
0;0.0;;(14, 8);MoveEast;(18, 6);1;455
0;0.0;;(14, 8);;(18, 6);1;456
0;0.0;;(14, 8);;(18, 6);1;457
0;0.0;;(14, 8);;(18, 6);1;458
0;0.0;;(14, 8);;(18, 6);1;459
0;0.0;;(14, 8);;(18, 6);1;460
0;0.0;;(14, 8);;(18, 6);1;461
0;0.0;;(14, 8);MoveSouth;(18, 7);1;462
0;0.0;;(14, 8);;(18, 7);1;463
0;0.0;;(14, 8);MoveSouth;(18, 8);1;464
0;0.0;;(14, 8);;(18, 8);1;465
0;0.0;;(14, 8);;(18, 8);1;466
0;0.0;;(14, 8);;(18, 8);1;467
0;0.0;;(14, 8);;(18, 8);1;468
0;0.0;;(14, 8);;(18, 8);1;469
0;0.0;;(14, 8);MoveSouth;(18, 9);1;470
0;0.0;;(14, 8);MoveEast;(18, 9);1;471
0;0.0;;(14, 8);MoveEast;(18, 9);1;472
0;0.0;;(14, 8);MoveEast;(18, 9);1;473
0;0.0;;(14, 8);MoveEast;(18, 9);1;474
0;0.0;;(14, 8);MoveEast;(18, 9);1;475
0;0.0;;(14, 8);MoveEast;(19, 9);1;476
0;0.0;;(14, 8);MoveEast;(19, 9);1;477
0;0.0;;(14, 8);MoveEast;(19, 9);1;478
0;0.0;;(14, 8);MoveEast;(19, 9);1;479
0;0.0;;(14, 8);MoveEast;(19, 9);1;480
0;0.0;;(14, 8);MoveEast;(19, 9);1;481
0;0.0;;(14, 8);MoveEast;(20, 9);1;482
0;0.0;;(14, 8);MoveEast;(21, 9);1;483
0;0.0;;(14, 8);;(21, 9);1;484
0;0.0;;(14, 8);;(21, 9);1;485
0;0.0;;(14, 8);;(21, 9);1;486
0;0.0;;(14, 8);;(21, 9);1;487
0;0.0;;(14, 8);;(21, 9);1;488
0;0.0;;(14, 8);;(21, 9);1;489
0;0.0;;(14, 8);;(21, 9);1;490
0;0.0;;(14, 8);;(21, 9);1;491
0;0.0;;(14, 8);;(21, 9);1;492
0;0.0;;(14, 8);;(21, 9);1;493
0;0.0;;(14, 8);;(21, 9);1;494
0;0.0;;(14, 8);;(21, 9);1;495
0;0.0;;(14, 8);MoveSouth;(21, 10);1;496
0;0.0;;(14, 8);;(21, 10);1;497
0;0.0;;(14, 8);;(21, 10);1;498
0;0.0;;(14, 8);;(21, 10);1;499
0;0.0;;(14, 8);;(21, 10);1;500
0;0.0;;(14, 8);;(21, 10);1;501
0;0.0;;(14, 8);MoveSouth;(21, 11);1;502
0;0.0;;(14, 8);MoveSouth;(21, 12);1;503
0;0.0;;(14, 8);;(21, 12);1;504
0;0.0;;(14, 8);MoveSouth;(21, 13);1;505
0;0.0;;(14, 8);;(21, 13);1;506
0;0.0;;(14, 8);;(21, 13);1;507
0;0.0;;(14, 8);;(21, 13);1;508
0;0.0;;(14, 8);;(21, 13);1;509
0;0.0;;(14, 8);MoveSouth;(21, 14);1;510
0;0.0;;(14, 8);;(21, 14);1;511
0;0.0;;(14, 8);;(21, 14);1;512
0;0.0;;(14, 8);;(21, 14);1;513
0;0.0;;(14, 8);;(21, 14);1;514
0;0.0;;(14, 8);;(21, 14);1;515
0;0.0;;(14, 8);MoveEast;(22, 14);1;516
0;0.0;;(14, 8);MoveEast;(23, 14);1;517
0;0.0;;(14, 8);;(23, 14);1;518
0;0.0;;(14, 8);;(23, 14);1;519
0;0.0;;(14, 8);;(23, 14);1;520
0;0.0;;(14, 8);;(23, 14);1;521
0;0.0;;(14, 8);;(23, 14);1;522
0;0.0;;(14, 8);;(23, 14);1;523
0;0.0;;(14, 8);;(23, 14);1;524
3;0.125;;(23, 14);DropObjectTogether;(23, 14);1;525
3;0.125;MoveNorthWest;(23, 14);;(23, 14);1;526
3;0.125;MoveNorthWest;(22, 13);;(23, 14);1;527
3;0.125;MoveNorthWest;(22, 13);;(23, 14);1;528
3;0.125;MoveNorthWest;(21, 12);;(23, 14);1;529
3;0.125;MoveNorthWest;(21, 12);;(23, 14);1;530
3;0.125;MoveNorthWest;(20, 11);;(23, 14);1;531
3;0.125;MoveNorthWest;(20, 11);;(23, 14);1;532
3;0.125;MoveNorthWest;(19, 10);;(23, 14);1;533
3;0.125;MoveNorthWest;(19, 10);;(23, 14);1;534
3;0.125;MoveNorthWest;(18, 9);;(23, 14);1;535
3;0.125;MoveNorth;(18, 9);;(23, 14);1;536
3;0.125;MoveNorth;(18, 9);;(23, 14);1;537
3;0.125;MoveNorth;(18, 9);;(23, 14);1;538
3;0.125;MoveNorth;(18, 9);;(23, 14);1;539
3;0.125;MoveNorth;(18, 9);;(23, 14);1;540
3;0.125;MoveNorth;(18, 9);;(23, 14);1;541
3;0.125;MoveNorth;(18, 9);;(23, 14);1;542
3;0.125;MoveNorth;(18, 9);;(23, 14);1;543
3;0.125;MoveNorth;(18, 9);;(23, 14);1;544
3;0.125;MoveNorth;(18, 9);;(23, 14);1;545
3;0.125;MoveNorth;(18, 9);;(23, 14);1;546
3;0.125;MoveNorth;(18, 9);;(23, 14);1;547
3;0.125;MoveNorth;(18, 9);;(23, 14);1;548
3;0.125;MoveNorth;(18, 8);;(23, 14);1;549
3;0.125;MoveNorth;(18, 8);;(23, 14);1;550
3;0.125;MoveNorth;(18, 7);;(23, 14);1;551
3;0.125;MoveNorthWest;(18, 7);;(23, 14);1;552
3;0.125;MoveNorthWest;(17, 6);;(23, 14);1;553
3;0.125;MoveNorthWest;(17, 6);;(23, 14);1;554
3;0.125;MoveNorthWest;(16, 5);;(23, 14);1;555
3;0.125;MoveWest;(16, 5);;(23, 14);1;556
3;0.125;MoveWest;(15, 5);;(23, 14);1;557
3;0.125;;(15, 5);;(23, 14);1;558
3;0.125;;(15, 5);;(23, 14);1;559
3;0.125;;(15, 5);;(23, 14);1;560
3;0.125;;(15, 5);;(23, 14);1;561
3;0.125;;(15, 5);;(23, 14);1;562
3;0.125;;(15, 5);;(23, 14);1;563
3;0.125;;(15, 5);;(23, 14);1;564
3;0.125;;(15, 5);;(23, 14);1;565
3;0.125;;(15, 5);;(23, 14);1;566
3;0.125;;(15, 5);;(23, 14);1;567
3;0.125;;(15, 5);;(23, 14);1;568
3;0.125;;(15, 5);;(23, 14);1;569
3;0.125;;(15, 5);;(23, 14);1;570
3;0.125;;(15, 5);;(23, 14);1;571
3;0.125;;(15, 5);;(23, 14);1;572
3;0.125;;(15, 5);;(23, 14);1;573
3;0.125;;(15, 5);;(23, 14);1;574
3;0.125;;(15, 5);;(23, 14);1;575
3;0.125;;(15, 5);;(23, 14);1;576
3;0.125;;(15, 5);;(23, 14);1;577
3;0.125;;(15, 5);;(23, 14);1;578
3;0.125;;(15, 5);;(23, 14);1;579
3;0.125;;(15, 5);;(23, 14);1;580
3;0.125;;(15, 5);;(23, 14);1;581
3;0.125;;(15, 5);;(23, 14);1;582
3;0.125;;(15, 5);;(23, 14);1;583
3;0.125;;(15, 5);;(23, 14);1;584
3;0.125;;(15, 5);;(23, 14);1;585
3;0.125;;(15, 5);;(23, 14);1;586
3;0.125;;(15, 5);;(23, 14);1;587
3;0.125;;(15, 5);MoveWest;(22, 14);1;588
3;0.125;MoveWest;(15, 5);;(22, 14);1;589
3;0.125;MoveWest;(14, 5);;(22, 14);1;590
3;0.125;MoveWest;(14, 5);;(22, 14);1;591
3;0.125;MoveWest;(13, 5);;(22, 14);1;592
3;0.125;MoveWest;(13, 5);;(22, 14);1;593
3;0.125;MoveWest;(12, 5);;(22, 14);1;594
3;0.125;MoveWest;(12, 5);;(22, 14);1;595
3;0.125;MoveWest;(11, 5);;(22, 14);1;596
3;0.125;MoveWest;(11, 5);;(22, 14);1;597
3;0.125;MoveWest;(10, 5);;(22, 14);1;598
3;0.125;MoveSouthWest;(10, 5);MoveWest;(21, 14);1;599
3;0.125;MoveSouthWest;(10, 5);;(21, 14);1;600
3;0.125;MoveSouthWest;(10, 5);;(21, 14);1;601
3;0.125;MoveSouthWest;(10, 5);;(21, 14);1;602
3;0.125;MoveSouthWest;(10, 5);;(21, 14);1;603
3;0.125;MoveSouthWest;(10, 5);;(21, 14);1;604
3;0.125;MoveSouthWest;(10, 5);;(21, 14);1;605
3;0.125;MoveSouthWest;(10, 5);;(21, 14);1;606
3;0.125;MoveSouthWest;(10, 5);MoveNorth;(21, 13);1;607
3;0.125;MoveSouthWest;(10, 5);;(21, 13);1;608
3;0.125;MoveSouthWest;(10, 5);MoveNorth;(21, 12);1;609
3;0.125;MoveSouthWest;(10, 5);MoveNorth;(21, 11);1;610
3;0.125;MoveSouthWest;(10, 5);MoveNorth;(21, 10);1;611
3;0.125;MoveSouthWest;(9, 6);;(21, 10);1;612
3;0.125;;(9, 6);MoveNorth;(21, 9);1;613
3;0.125;;(9, 6);;(21, 9);1;614
3;0.125;;(9, 6);MoveNorth;(21, 8);1;615
3;0.125;;(9, 6);;(21, 8);1;616
3;0.125;;(9, 6);MoveNorth;(21, 8);1;617
3;0.125;;(9, 6);;(21, 8);1;618
3;0.125;;(9, 6);;(21, 8);1;619
3;0.125;;(9, 6);;(21, 8);1;620
3;0.125;;(9, 6);MoveWest;(20, 8);1;621
3;0.125;;(9, 6);MoveWest;(19, 8);1;622
3;0.125;;(9, 6);;(19, 8);1;623
3;0.125;;(9, 6);MoveWest;(19, 8);1;624
3;0.125;;(9, 6);MoveWest;(19, 8);1;625
3;0.125;;(9, 6);MoveWest;(19, 8);1;626
3;0.125;;(9, 6);MoveWest;(19, 8);1;627
3;0.125;;(9, 6);MoveWest;(19, 8);1;628
3;0.125;;(9, 6);MoveWest;(18, 8);1;629
3;0.125;;(9, 6);MoveNorth;(18, 7);1;630
3;0.125;;(9, 6);;(18, 7);1;631
3;0.125;;(9, 6);;(18, 7);1;632
3;0.125;;(9, 6);MoveNorth;(18, 6);1;633
3;0.125;;(9, 6);;(18, 6);1;634
3;0.125;;(9, 6);;(18, 6);1;635
3;0.125;;(9, 6);;(18, 6);1;636
3;0.125;;(9, 6);;(18, 6);1;637
3;0.125;;(9, 6);MoveWest;(17, 6);1;638
3;0.125;;(9, 6);;(17, 6);1;639
3;0.125;;(9, 6);MoveWest;(16, 6);1;640
3;0.125;;(9, 6);MoveWest;(15, 6);1;641
3;0.125;;(9, 6);;(15, 6);1;642
3;0.125;;(9, 6);;(15, 6);1;643
3;0.125;;(9, 6);MoveWest;(14, 6);1;644
3;0.125;;(9, 6);MoveWest;(13, 6);1;645
3;0.125;;(9, 6);MoveWest;(12, 6);1;646
3;0.125;;(9, 6);;(12, 6);1;647
3;0.125;;(9, 6);MoveWest;(12, 6);1;648
3;0.125;;(9, 6);MoveWest;(12, 6);1;649
3;0.125;;(9, 6);MoveWest;(12, 6);1;650
3;0.125;;(9, 6);MoveWest;(12, 6);1;651
3;0.125;;(9, 6);MoveWest;(12, 6);1;652
3;0.125;;(9, 6);MoveWest;(11, 6);1;653
3;0.125;;(9, 6);MoveWest;(11, 6);1;654
3;0.125;;(9, 6);MoveWest;(11, 6);1;655
3;0.125;;(9, 6);MoveWest;(11, 6);1;656
3;0.125;;(9, 6);MoveWest;(11, 6);1;657
3;0.125;;(9, 6);MoveWest;(11, 6);1;658
3;0.125;;(9, 6);MoveWest;(10, 6);1;659
3;0.125;;(9, 6);;(10, 6);1;660
3;0.125;;(9, 6);;(10, 6);1;661
3;0.125;;(9, 6);;(10, 6);1;662
3;0.125;;(9, 6);;(10, 6);1;663
3;0.125;;(9, 6);;(10, 6);1;664
3;0.125;;(9, 6);;(10, 6);1;665
3;0.125;;(9, 6);;(10, 6);1;666
3;0.125;;(9, 6);;(10, 6);1;667
3;0.125;;(9, 6);;(10, 6);1;668
3;0.125;;(9, 6);;(10, 6);1;669
3;0.125;;(9, 6);MoveWest;(10, 6);1;670
3;0.125;;(9, 6);MoveWest;(10, 6);1;671
3;0.125;;(9, 6);MoveWest;(10, 6);1;672
3;0.125;;(9, 6);MoveWest;(10, 6);1;673
3;0.125;;(9, 6);MoveWest;(10, 6);1;674
3;0.125;;(9, 6);MoveWest;(9, 6);1;675
3;0.125;;(9, 6);;(9, 6);1;676
3;0.125;;(9, 6);;(9, 6);1;677
3;0.125;;(9, 6);;(9, 6);1;678
3;0.125;;(9, 6);;(9, 6);1;679
3;0.125;;(9, 6);;(9, 6);1;680
3;0.125;;(9, 6);;(9, 6);1;681
3;0.125;;(9, 6);;(9, 6);1;682
3;0.125;;(9, 6);;(9, 6);1;683
3;0.125;;(9, 6);RemoveObjectTogether;(9, 6);1;684
3;0.125;;(9, 6);RemoveObjectTogether;(9, 6);1;685
3;0.125;;(9, 6);RemoveObjectTogether;(9, 6);1;686
3;0.125;;(9, 6);RemoveObjectTogether;(9, 6);1;687
3;0.125;;(9, 6);RemoveObjectTogether;(9, 6);1;688
3;0.125;;(9, 6);RemoveObjectTogether;(9, 6);1;689
3;0.125;;(9, 6);RemoveObjectTogether;(9, 6);1;690
3;0.125;;(9, 6);RemoveObjectTogether;(9, 6);1;691
3;0.125;;(9, 6);RemoveObjectTogether;(9, 6);1;692
3;0.125;;(9, 6);RemoveObjectTogether;(9, 6);1;693
3;0.125;;(9, 6);RemoveObjectTogether;(9, 6);1;694
3;0.125;;(9, 6);RemoveObjectTogether;(9, 6);1;695
3;0.125;;(9, 6);RemoveObjectTogether;(9, 6);1;696
3;0.125;;(9, 6);RemoveObjectTogether;(9, 6);1;697
3;0.125;;(9, 6);RemoveObjectTogether;(9, 6);1;698
3;0.125;;(9, 6);RemoveObjectTogether;(9, 6);1;699
3;0.125;;(9, 6);RemoveObjectTogether;(9, 6);1;700
3;0.125;;(9, 6);RemoveObjectTogether;(9, 6);1;701
3;0.125;;(9, 6);RemoveObjectTogether;(9, 6);1;702
3;0.125;;(9, 6);RemoveObjectTogether;(9, 6);1;703
3;0.125;;(9, 6);RemoveObjectTogether;(9, 6);1;704
3;0.125;;(9, 6);RemoveObjectTogether;(9, 6);1;705
3;0.125;;(9, 6);RemoveObjectTogether;(9, 6);1;706
3;0.125;;(9, 6);RemoveObjectTogether;(9, 6);1;707
3;0.125;;(9, 6);RemoveObjectTogether;(9, 6);1;708
3;0.125;;(9, 6);RemoveObjectTogether;(9, 6);1;709
3;0.125;MoveSouth;(9, 6);;(9, 6);1;710
3;0.125;MoveSouth;(9, 7);;(9, 6);1;711
3;0.125;MoveSouthWest;(9, 7);;(9, 6);1;712
3;0.125;MoveSouthWest;(8, 8);;(9, 6);1;713
3;0.125;MoveSouthEast;(8, 8);;(9, 6);1;714
3;0.125;MoveSouthEast;(9, 9);;(9, 6);1;715
3;0.125;MoveNorthEast;(9, 9);;(9, 6);1;716
3;0.125;MoveNorthEast;(10, 8);;(9, 6);1;717
3;0.125;;(10, 8);;(9, 6);1;718
3;0.125;;(10, 8);;(9, 6);1;719
3;0.125;;(10, 8);;(9, 6);1;720
3;0.125;;(10, 8);;(9, 6);1;721
3;0.125;;(10, 8);;(9, 6);1;722
3;0.125;;(10, 8);;(9, 6);1;723
3;0.125;;(10, 8);;(9, 6);1;724
3;0.125;;(10, 8);;(9, 6);1;725
3;0.125;;(10, 8);;(9, 6);1;726
3;0.125;;(10, 8);;(9, 6);1;727
3;0.125;;(10, 8);;(9, 6);1;728
3;0.125;;(10, 8);;(9, 6);1;729
3;0.125;;(10, 8);;(9, 6);1;730
3;0.125;;(10, 8);;(9, 6);1;731
3;0.125;;(10, 8);;(9, 6);1;732
3;0.125;;(10, 8);;(9, 6);1;733
3;0.125;;(10, 8);;(9, 6);1;734
3;0.125;;(10, 8);;(9, 6);1;735
3;0.125;;(10, 8);;(9, 6);1;736
3;0.125;;(10, 8);;(9, 6);1;737
3;0.125;;(10, 8);;(9, 6);1;738
3;0.125;;(10, 8);;(9, 6);1;739
3;0.125;;(10, 8);;(9, 6);1;740
3;0.125;;(10, 8);;(9, 6);1;741
3;0.125;;(10, 8);;(9, 6);1;742
3;0.125;;(10, 8);;(9, 6);1;743
3;0.125;;(10, 8);;(9, 6);1;744
3;0.125;;(10, 8);;(9, 6);1;745
3;0.125;;(10, 8);;(9, 6);1;746
3;0.125;;(10, 8);;(9, 6);1;747
3;0.125;;(10, 8);MoveSouth;(9, 7);1;748
3;0.125;;(10, 8);MoveSouth;(9, 8);1;749
3;0.125;;(10, 8);;(9, 8);1;750
3;0.125;;(10, 8);;(9, 8);1;751
3;0.125;;(10, 8);;(9, 8);1;752
3;0.125;;(10, 8);;(9, 8);1;753
3;0.125;;(10, 8);;(9, 8);1;754
3;0.125;;(10, 8);;(9, 8);1;755
3;0.125;;(10, 8);MoveSouth;(9, 9);1;756
3;0.125;;(10, 8);;(9, 9);1;757
3;0.125;;(10, 8);;(9, 9);1;758
3;0.125;;(10, 8);;(9, 9);1;759
3;0.125;;(10, 8);;(9, 9);1;760
3;0.125;;(10, 8);;(9, 9);1;761
3;0.125;;(10, 8);;(9, 9);1;762
3;0.125;;(10, 8);;(9, 9);1;763
3;0.125;;(10, 8);;(9, 9);1;764
3;0.125;;(10, 8);;(9, 9);1;765
3;0.125;;(10, 8);;(9, 9);1;766
3;0.125;Idle;(10, 8);;(9, 9);1;767
3;0.125;Idle;(10, 8);;(9, 9);1;768
3;0.125;Idle;(10, 8);;(9, 9);1;769
3;0.125;Idle;(10, 8);;(9, 9);1;770
3;0.125;Idle;(10, 8);;(9, 9);1;771
3;0.125;Idle;(10, 8);;(9, 9);1;772
3;0.125;Idle;(10, 8);;(9, 9);1;773
3;0.125;Idle;(10, 8);;(9, 9);1;774
3;0.125;Idle;(10, 8);;(9, 9);1;775
3;0.125;Idle;(10, 8);;(9, 9);1;776
3;0.125;Idle;(10, 8);;(9, 9);1;777
3;0.125;Idle;(10, 8);;(9, 9);1;778
3;0.125;Idle;(10, 8);;(9, 9);1;779
3;0.125;Idle;(10, 8);;(9, 9);1;780
3;0.125;Idle;(10, 8);;(9, 9);1;781
3;0.125;Idle;(10, 8);;(9, 9);1;782
3;0.125;Idle;(10, 8);MoveWest;(8, 9);1;783
3;0.125;Idle;(10, 8);;(8, 9);1;784
3;0.125;Idle;(10, 8);;(8, 9);1;785
3;0.125;Idle;(10, 8);;(8, 9);1;786
3;0.125;Idle;(10, 8);;(8, 9);1;787
3;0.125;Idle;(10, 8);;(8, 9);1;788
3;0.125;Idle;(10, 8);;(8, 9);1;789
3;0.125;Idle;(10, 8);;(8, 9);1;790
3;0.125;Idle;(10, 8);;(8, 9);1;791
3;0.125;Idle;(10, 8);;(8, 9);1;792
3;0.125;MoveWest;(10, 8);;(8, 9);1;793
3;0.125;MoveWest;(9, 8);;(8, 9);1;794
3;0.125;MoveSouthWest;(9, 8);;(8, 9);1;795
3;0.125;MoveSouthWest;(8, 9);;(8, 9);1;796
3;0.125;;(8, 9);;(8, 9);1;797
3;0.125;;(8, 9);;(8, 9);1;798
3;0.125;;(8, 9);;(8, 9);1;799
3;0.125;;(8, 9);;(8, 9);1;800
3;0.125;;(8, 9);;(8, 9);1;801
3;0.125;;(8, 9);CarryObjectTogether;(8, 9);1;802
3;0.125;;(8, 9);;(8, 9);1;803
3;0.125;;(8, 9);;(8, 9);1;804
3;0.125;;(8, 9);;(8, 9);1;805
3;0.125;;(8, 9);;(8, 9);1;806
3;0.125;;(8, 9);;(8, 9);1;807
3;0.125;;(8, 9);;(8, 9);1;808
3;0.125;;(8, 9);;(8, 9);1;809
3;0.125;;(8, 9);;(8, 9);1;810
3;0.125;;(8, 9);MoveEast;(9, 9);1;811
3;0.125;;(8, 9);;(9, 9);1;812
3;0.125;;(8, 9);;(9, 9);1;813
3;0.125;;(8, 9);;(9, 9);1;814
3;0.125;;(8, 9);MoveNorth;(9, 8);1;815
3;0.125;;(8, 9);MoveNorth;(9, 7);1;816
3;0.125;;(8, 9);;(9, 7);1;817
3;0.125;;(8, 9);MoveNorth;(9, 6);1;818
3;0.125;;(8, 9);;(9, 6);1;819
3;0.125;;(8, 9);;(9, 6);1;820
3;0.125;;(8, 9);;(9, 6);1;821
3;0.125;;(8, 9);;(9, 6);1;822
3;0.125;;(8, 9);;(9, 6);1;823
3;0.125;;(8, 9);;(9, 6);1;824
3;0.125;;(8, 9);;(9, 6);1;825
3;0.125;;(8, 9);MoveEast;(10, 6);1;826
3;0.125;;(8, 9);MoveEast;(10, 6);1;827
3;0.125;;(8, 9);MoveEast;(10, 6);1;828
3;0.125;;(8, 9);MoveEast;(10, 6);1;829
3;0.125;;(8, 9);MoveEast;(10, 6);1;830
3;0.125;;(8, 9);MoveEast;(10, 6);1;831
3;0.125;;(8, 9);MoveEast;(11, 6);1;832
3;0.125;;(8, 9);MoveNorth;(11, 6);1;833
3;0.125;;(8, 9);MoveNorth;(11, 6);1;834
3;0.125;;(8, 9);MoveNorth;(11, 6);1;835
3;0.125;;(8, 9);MoveNorth;(11, 6);1;836
3;0.125;;(8, 9);MoveNorth;(11, 6);1;837
3;0.125;;(8, 9);MoveNorth;(11, 5);1;838
3;0.125;;(8, 9);;(11, 5);1;839
3;0.125;;(8, 9);;(11, 5);1;840
3;0.125;;(8, 9);;(11, 5);1;841
3;0.125;;(8, 9);;(11, 5);1;842
3;0.125;;(8, 9);;(11, 5);1;843
3;0.125;;(8, 9);;(11, 5);1;844
3;0.125;;(8, 9);MoveEast;(12, 5);1;845
3;0.125;;(8, 9);;(12, 5);1;846
3;0.125;;(8, 9);MoveEast;(13, 5);1;847
3;0.125;;(8, 9);MoveEast;(14, 5);1;848
3;0.125;;(8, 9);;(14, 5);1;849
3;0.125;;(8, 9);;(14, 5);1;850
3;0.125;;(8, 9);;(14, 5);1;851
3;0.125;;(8, 9);;(14, 5);1;852
3;0.125;;(8, 9);;(14, 5);1;853
3;0.125;;(8, 9);;(14, 5);1;854
3;0.125;;(8, 9);;(14, 5);1;855
3;0.125;;(8, 9);;(14, 5);1;856
3;0.125;;(8, 9);;(14, 5);1;857
3;0.125;;(8, 9);MoveEast;(15, 5);1;858
3;0.125;;(8, 9);;(15, 5);1;859
3;0.125;;(8, 9);MoveEast;(16, 5);1;860
3;0.125;;(8, 9);;(16, 5);1;861
3;0.125;;(8, 9);;(16, 5);1;862
3;0.125;;(8, 9);;(16, 5);1;863
3;0.125;;(8, 9);;(16, 5);1;864
3;0.125;;(8, 9);;(16, 5);1;865
3;0.125;;(8, 9);;(16, 5);1;866
3;0.125;;(8, 9);;(16, 5);1;867
3;0.125;;(8, 9);;(16, 5);1;868
3;0.125;;(8, 9);MoveEast;(17, 5);1;869
3;0.125;;(8, 9);;(17, 5);1;870
3;0.125;;(8, 9);;(17, 5);1;871
3;0.125;;(8, 9);;(17, 5);1;872
3;0.125;;(8, 9);;(17, 5);1;873
3;0.125;;(8, 9);MoveEast;(18, 5);1;874
3;0.125;;(8, 9);;(18, 5);1;875
3;0.125;;(8, 9);;(18, 5);1;876
3;0.125;;(8, 9);;(18, 5);1;877
3;0.125;;(8, 9);;(18, 5);1;878
3;0.125;;(8, 9);MoveSouth;(18, 6);1;879
3;0.125;;(8, 9);MoveSouth;(18, 7);1;880
3;0.125;;(8, 9);;(18, 7);1;881
3;0.125;;(8, 9);MoveSouth;(18, 8);1;882
3;0.125;;(8, 9);;(18, 8);1;883
3;0.125;;(8, 9);;(18, 8);1;884
3;0.125;;(8, 9);;(18, 8);1;885
3;0.125;;(8, 9);;(18, 8);1;886
3;0.125;;(8, 9);;(18, 8);1;887
3;0.125;;(8, 9);MoveEast;(19, 8);1;888
3;0.125;;(8, 9);;(19, 8);1;889
3;0.125;;(8, 9);MoveEast;(19, 8);1;890
3;0.125;;(8, 9);MoveEast;(19, 8);1;891
3;0.125;;(8, 9);MoveEast;(19, 8);1;892
3;0.125;;(8, 9);MoveEast;(19, 8);1;893
3;0.125;;(8, 9);MoveEast;(19, 8);1;894
3;0.125;;(8, 9);MoveEast;(20, 8);1;895
3;0.125;;(8, 9);;(20, 8);1;896
3;0.125;;(8, 9);;(20, 8);1;897
3;0.125;;(8, 9);;(20, 8);1;898
3;0.125;;(8, 9);;(20, 8);1;899
3;0.125;;(8, 9);;(20, 8);1;900
3;0.125;;(8, 9);;(20, 8);1;901
3;0.125;;(8, 9);;(20, 8);1;902
3;0.125;;(8, 9);MoveSouth;(20, 9);1;903
3;0.125;;(8, 9);MoveSouth;(20, 10);1;904
3;0.125;;(8, 9);MoveSouth;(20, 11);1;905
3;0.125;;(8, 9);;(20, 11);1;906
3;0.125;;(8, 9);;(20, 11);1;907
3;0.125;;(8, 9);;(20, 11);1;908
3;0.125;;(8, 9);;(20, 11);1;909
3;0.125;;(8, 9);;(20, 11);1;910
3;0.125;;(8, 9);;(20, 11);1;911
3;0.125;;(8, 9);MoveEast;(21, 11);1;912
3;0.125;;(8, 9);MoveEast;(22, 11);1;913
3;0.125;;(8, 9);MoveEast;(23, 11);1;914
3;0.125;;(8, 9);MoveEast;(23, 11);1;915
3;0.125;;(8, 9);;(23, 11);1;916
3;0.125;;(8, 9);;(23, 11);1;917
3;0.125;;(8, 9);;(23, 11);1;918
3;0.125;;(8, 9);;(23, 11);1;919
3;0.125;;(8, 9);;(23, 11);1;920
3;0.125;;(8, 9);;(23, 11);1;921
9;0.25;;(23, 11);DropObjectTogether;(23, 11);1;922
9;0.25;MoveWest;(23, 11);;(23, 11);1;923
9;0.25;MoveWest;(22, 11);;(23, 11);1;924
9;0.25;MoveNorthWest;(22, 11);;(23, 11);1;925
9;0.25;MoveNorthWest;(21, 10);;(23, 11);1;926
9;0.25;MoveNorthWest;(21, 10);;(23, 11);1;927
9;0.25;MoveNorthWest;(20, 9);;(23, 11);1;928
9;0.25;MoveNorthWest;(20, 9);;(23, 11);1;929
9;0.25;MoveNorthWest;(19, 8);;(23, 11);1;930
9;0.25;MoveNorthWest;(19, 8);;(23, 11);1;931
9;0.25;MoveNorthWest;(19, 8);;(23, 11);1;932
9;0.25;MoveNorthWest;(19, 8);;(23, 11);1;933
9;0.25;MoveNorthWest;(19, 8);;(23, 11);1;934
9;0.25;MoveNorthWest;(19, 8);;(23, 11);1;935
9;0.25;MoveNorthWest;(19, 8);;(23, 11);1;936
9;0.25;MoveNorthWest;(19, 8);;(23, 11);1;937
9;0.25;MoveNorthWest;(19, 8);;(23, 11);1;938
9;0.25;MoveNorthWest;(19, 8);;(23, 11);1;939
9;0.25;MoveNorthWest;(19, 8);;(23, 11);1;940
9;0.25;MoveNorthWest;(19, 8);;(23, 11);1;941
9;0.25;MoveNorthWest;(19, 8);;(23, 11);1;942
9;0.25;MoveNorthWest;(19, 8);;(23, 11);1;943
9;0.25;MoveNorthWest;(18, 7);;(23, 11);1;944
9;0.25;MoveNorthWest;(18, 7);;(23, 11);1;945
9;0.25;MoveNorthWest;(17, 6);;(23, 11);1;946
9;0.25;MoveWest;(17, 6);;(23, 11);1;947
9;0.25;MoveWest;(16, 6);;(23, 11);1;948
9;0.25;MoveWest;(16, 6);;(23, 11);1;949
9;0.25;MoveWest;(15, 6);;(23, 11);1;950
9;0.25;MoveWest;(15, 6);;(23, 11);1;951
9;0.25;MoveWest;(14, 6);;(23, 11);1;952
9;0.25;MoveWest;(14, 6);;(23, 11);1;953
9;0.25;MoveWest;(13, 6);;(23, 11);1;954
9;0.25;MoveWest;(13, 6);;(23, 11);1;955
9;0.25;MoveWest;(12, 6);;(23, 11);1;956
9;0.25;MoveWest;(12, 6);;(23, 11);1;957
9;0.25;MoveWest;(12, 6);;(23, 11);1;958
9;0.25;MoveWest;(12, 6);;(23, 11);1;959
9;0.25;MoveWest;(12, 6);;(23, 11);1;960
9;0.25;MoveWest;(12, 6);;(23, 11);1;961
9;0.25;MoveWest;(12, 6);;(23, 11);1;962
9;0.25;MoveWest;(12, 6);;(23, 11);1;963
9;0.25;MoveWest;(12, 6);;(23, 11);1;964
9;0.25;MoveWest;(12, 6);;(23, 11);1;965
9;0.25;MoveWest;(12, 6);;(23, 11);1;966
9;0.25;MoveWest;(12, 6);;(23, 11);1;967
9;0.25;MoveWest;(12, 6);;(23, 11);1;968
9;0.25;MoveWest;(12, 6);;(23, 11);1;969
9;0.25;MoveWest;(11, 6);;(23, 11);1;970
9;0.25;MoveNorthWest;(11, 6);;(23, 11);1;971
9;0.25;MoveNorthWest;(11, 6);;(23, 11);1;972
9;0.25;MoveNorthWest;(11, 6);;(23, 11);1;973
9;0.25;MoveNorthWest;(11, 6);;(23, 11);1;974
9;0.25;MoveNorthWest;(11, 6);;(23, 11);1;975
9;0.25;MoveNorthWest;(11, 6);;(23, 11);1;976
9;0.25;MoveNorthWest;(11, 6);;(23, 11);1;977
9;0.25;MoveNorthWest;(11, 6);;(23, 11);1;978
9;0.25;MoveNorthWest;(11, 6);;(23, 11);1;979
9;0.25;MoveNorthWest;(11, 6);;(23, 11);1;980
9;0.25;MoveNorthWest;(11, 6);;(23, 11);1;981
9;0.25;MoveNorthWest;(11, 6);;(23, 11);1;982
9;0.25;MoveNorthWest;(11, 6);;(23, 11);1;983
9;0.25;MoveNorthWest;(10, 5);;(23, 11);1;984
9;0.25;MoveWest;(10, 5);;(23, 11);1;985
9;0.25;MoveWest;(10, 5);;(23, 11);1;986
9;0.25;MoveWest;(10, 5);;(23, 11);1;987
9;0.25;MoveWest;(10, 5);;(23, 11);1;988
9;0.25;MoveWest;(10, 5);;(23, 11);1;989
9;0.25;MoveWest;(10, 5);;(23, 11);1;990
9;0.25;MoveWest;(10, 5);MoveWest;(22, 11);1;991
9;0.25;MoveWest;(10, 5);;(22, 11);1;992
9;0.25;MoveWest;(10, 5);;(22, 11);1;993
9;0.25;MoveWest;(10, 5);;(22, 11);1;994
9;0.25;MoveWest;(10, 5);;(22, 11);1;995
9;0.25;MoveWest;(10, 5);;(22, 11);1;996
9;0.25;MoveWest;(10, 5);;(22, 11);1;997
9;0.25;MoveWest;(9, 5);;(22, 11);1;998
9;0.25;;(9, 5);;(22, 11);1;999
9;0.25;;(9, 5);;(22, 11);1;1000
9;0.25;;(9, 5);;(22, 11);1;1001
9;0.25;;(9, 5);;(22, 11);1;1002
9;0.25;;(9, 5);;(22, 11);1;1003
9;0.25;;(9, 5);;(22, 11);1;1004
9;0.25;;(9, 5);;(22, 11);1;1005
9;0.25;;(9, 5);;(22, 11);1;1006
9;0.25;;(9, 5);;(22, 11);1;1007
9;0.25;;(9, 5);;(22, 11);1;1008
9;0.25;;(9, 5);;(22, 11);1;1009
9;0.25;;(9, 5);;(22, 11);1;1010
9;0.25;;(9, 5);;(22, 11);1;1011
9;0.25;;(9, 5);;(22, 11);1;1012
9;0.25;;(9, 5);;(22, 11);1;1013
9;0.25;;(9, 5);;(22, 11);1;1014
9;0.25;;(9, 5);;(22, 11);1;1015
9;0.25;;(9, 5);;(22, 11);1;1016
9;0.25;;(9, 5);;(22, 11);1;1017
9;0.25;;(9, 5);;(22, 11);1;1018
9;0.25;;(9, 5);;(22, 11);1;1019
9;0.25;;(9, 5);;(22, 11);1;1020
9;0.25;;(9, 5);;(22, 11);1;1021
9;0.25;;(9, 5);;(22, 11);1;1022
9;0.25;;(9, 5);;(22, 11);1;1023
9;0.25;;(9, 5);;(22, 11);1;1024
9;0.25;;(9, 5);;(22, 11);1;1025
9;0.25;;(9, 5);;(22, 11);1;1026
9;0.25;;(9, 5);;(22, 11);1;1027
9;0.25;;(9, 5);;(22, 11);1;1028
9;0.25;;(9, 5);;(22, 11);1;1029
9;0.25;;(9, 5);;(22, 11);1;1030
9;0.25;;(9, 5);;(22, 11);1;1031
9;0.25;;(9, 5);;(22, 11);1;1032
9;0.25;;(9, 5);;(22, 11);1;1033
9;0.25;;(9, 5);;(22, 11);1;1034
9;0.25;;(9, 5);;(22, 11);1;1035
9;0.25;;(9, 5);;(22, 11);1;1036
9;0.25;;(9, 5);;(22, 11);1;1037
9;0.25;;(9, 5);;(22, 11);1;1038
9;0.25;;(9, 5);;(22, 11);1;1039
9;0.25;;(9, 5);;(22, 11);1;1040
9;0.25;;(9, 5);;(22, 11);1;1041
9;0.25;;(9, 5);;(22, 11);1;1042
9;0.25;;(9, 5);;(22, 11);1;1043
9;0.25;;(9, 5);;(22, 11);1;1044
9;0.25;;(9, 5);;(22, 11);1;1045
9;0.25;;(9, 5);;(22, 11);1;1046
9;0.25;;(9, 5);;(22, 11);1;1047
9;0.25;;(9, 5);;(22, 11);1;1048
9;0.25;;(9, 5);;(22, 11);1;1049
9;0.25;;(9, 5);;(22, 11);1;1050
9;0.25;;(9, 5);;(22, 11);1;1051
9;0.25;;(9, 5);;(22, 11);1;1052
9;0.25;;(9, 5);;(22, 11);1;1053
9;0.25;;(9, 5);;(22, 11);1;1054
9;0.25;;(9, 5);;(22, 11);1;1055
9;0.25;;(9, 5);;(22, 11);1;1056
9;0.25;;(9, 5);;(22, 11);1;1057
9;0.25;;(9, 5);;(22, 11);1;1058
9;0.25;;(9, 5);;(22, 11);1;1059
9;0.25;;(9, 5);;(22, 11);1;1060
9;0.25;;(9, 5);;(22, 11);1;1061
9;0.25;;(9, 5);;(22, 11);1;1062
9;0.25;;(9, 5);;(22, 11);1;1063
9;0.25;;(9, 5);;(22, 11);1;1064
9;0.25;;(9, 5);;(22, 11);1;1065
9;0.25;;(9, 5);;(22, 11);1;1066
9;0.25;;(9, 5);;(22, 11);1;1067
9;0.25;;(9, 5);;(22, 11);1;1068
9;0.25;;(9, 5);;(22, 11);1;1069
9;0.25;;(9, 5);;(22, 11);1;1070
9;0.25;;(9, 5);;(22, 11);1;1071
9;0.25;;(9, 5);;(22, 11);1;1072
9;0.25;;(9, 5);;(22, 11);1;1073
9;0.25;;(9, 5);;(22, 11);1;1074
9;0.25;;(9, 5);;(22, 11);1;1075
9;0.25;;(9, 5);;(22, 11);1;1076
9;0.25;;(9, 5);;(22, 11);1;1077
9;0.25;;(9, 5);;(22, 11);1;1078
9;0.25;;(9, 5);;(22, 11);1;1079
9;0.25;;(9, 5);;(22, 11);1;1080
9;0.25;;(9, 5);;(22, 11);1;1081
9;0.25;;(9, 5);;(22, 11);1;1082
9;0.25;;(9, 5);;(22, 11);1;1083
9;0.25;;(9, 5);;(22, 11);1;1084
9;0.25;;(9, 5);;(22, 11);1;1085
9;0.25;;(9, 5);;(22, 11);1;1086
9;0.25;;(9, 5);;(22, 11);1;1087
9;0.25;;(9, 5);;(22, 11);1;1088
9;0.25;;(9, 5);;(22, 11);1;1089
9;0.25;;(9, 5);;(22, 11);1;1090
9;0.25;;(9, 5);;(22, 11);1;1091
9;0.25;;(9, 5);;(22, 11);1;1092
9;0.25;;(9, 5);;(22, 11);1;1093
9;0.25;;(9, 5);;(22, 11);1;1094
9;0.25;;(9, 5);;(22, 11);1;1095
9;0.25;;(9, 5);;(22, 11);1;1096
9;0.25;;(9, 5);;(22, 11);1;1097
9;0.25;;(9, 5);;(22, 11);1;1098
9;0.25;;(9, 5);;(22, 11);1;1099
9;0.25;;(9, 5);;(22, 11);1;1100
9;0.25;;(9, 5);;(22, 11);1;1101
9;0.25;;(9, 5);;(22, 11);1;1102
9;0.25;;(9, 5);;(22, 11);1;1103
9;0.25;;(9, 5);;(22, 11);1;1104
9;0.25;;(9, 5);;(22, 11);1;1105
9;0.25;;(9, 5);;(22, 11);1;1106
9;0.25;;(9, 5);;(22, 11);1;1107
9;0.25;;(9, 5);;(22, 11);1;1108
9;0.25;;(9, 5);;(22, 11);1;1109
9;0.25;;(9, 5);;(22, 11);1;1110
9;0.25;;(9, 5);;(22, 11);1;1111
9;0.25;;(9, 5);;(22, 11);1;1112
9;0.25;;(9, 5);;(22, 11);1;1113
9;0.25;;(9, 5);;(22, 11);1;1114
9;0.25;;(9, 5);;(22, 11);1;1115
9;0.25;;(9, 5);;(22, 11);1;1116
9;0.25;;(9, 5);;(22, 11);1;1117
9;0.25;;(9, 5);;(22, 11);1;1118
9;0.25;;(9, 5);;(22, 11);1;1119
9;0.25;;(9, 5);;(22, 11);1;1120
9;0.25;;(9, 5);;(22, 11);1;1121
9;0.25;;(9, 5);;(22, 11);1;1122
9;0.25;;(9, 5);;(22, 11);1;1123
9;0.25;;(9, 5);;(22, 11);1;1124
9;0.25;;(9, 5);;(22, 11);1;1125
9;0.25;;(9, 5);;(22, 11);1;1126
9;0.25;;(9, 5);;(22, 11);1;1127
9;0.25;;(9, 5);;(22, 11);1;1128
9;0.25;;(9, 5);;(22, 11);1;1129
9;0.25;;(9, 5);;(22, 11);1;1130
9;0.25;;(9, 5);;(22, 11);1;1131
9;0.25;;(9, 5);;(22, 11);1;1132
9;0.25;;(9, 5);;(22, 11);1;1133
9;0.25;;(9, 5);;(22, 11);1;1134
9;0.25;;(9, 5);;(22, 11);1;1135
9;0.25;;(9, 5);;(22, 11);1;1136
9;0.25;;(9, 5);;(22, 11);1;1137
9;0.25;;(9, 5);;(22, 11);1;1138
9;0.25;;(9, 5);;(22, 11);1;1139
9;0.25;;(9, 5);;(22, 11);1;1140
9;0.25;;(9, 5);;(22, 11);1;1141
9;0.25;;(9, 5);;(22, 11);1;1142
9;0.25;;(9, 5);;(22, 11);1;1143
9;0.25;;(9, 5);;(22, 11);1;1144
9;0.25;;(9, 5);;(22, 11);1;1145
9;0.25;;(9, 5);;(22, 11);1;1146
9;0.25;;(9, 5);;(22, 11);1;1147
9;0.25;;(9, 5);;(22, 11);1;1148
9;0.25;;(9, 5);;(22, 11);1;1149
9;0.25;;(9, 5);;(22, 11);1;1150
9;0.25;;(9, 5);;(22, 11);1;1151
9;0.25;;(9, 5);;(22, 11);1;1152
9;0.25;;(9, 5);;(22, 11);1;1153
9;0.25;;(9, 5);;(22, 11);1;1154
9;0.25;;(9, 5);;(22, 11);1;1155
9;0.25;;(9, 5);;(22, 11);1;1156
9;0.25;;(9, 5);;(22, 11);1;1157
9;0.25;;(9, 5);;(22, 11);1;1158
9;0.25;;(9, 5);;(22, 11);1;1159
9;0.25;;(9, 5);;(22, 11);1;1160
9;0.25;;(9, 5);;(22, 11);1;1161
9;0.25;;(9, 5);;(22, 11);1;1162
9;0.25;;(9, 5);;(22, 11);1;1163
9;0.25;;(9, 5);;(22, 11);1;1164
9;0.25;;(9, 5);;(22, 11);1;1165
9;0.25;;(9, 5);;(22, 11);1;1166
9;0.25;;(9, 5);;(22, 11);1;1167
9;0.25;;(9, 5);;(22, 11);1;1168
9;0.25;;(9, 5);;(22, 11);1;1169
9;0.25;;(9, 5);;(22, 11);1;1170
9;0.25;;(9, 5);;(22, 11);1;1171
9;0.25;;(9, 5);;(22, 11);1;1172
9;0.25;;(9, 5);;(22, 11);1;1173
9;0.25;;(9, 5);;(22, 11);1;1174
9;0.25;;(9, 5);;(22, 11);1;1175
